0.108332, 0.0286659, -0.048032, 0.0468933, 0.00583113, -0.000763244, -0.0451211, -0.00280862, 0.00180118, 0.780295, 0.0313978, 0.0481275, -2.77556e-17, -4.33681e-18, -1.20371e-34
0.102103, 0.0270306, -0.0494171, 0.0641471, 0.0076544, -0.000832311, -0.0602442, -0.00394629, 0.00260987, 0.787229, 0.0331981, 0.0468812, 8.32667e-17, 0, 0
0.0869569, 0.0232361, -0.0526988, 0.105047, 0.0119342, -0.00109517, -0.0960905, -0.00671142, 0.00438581, 0.803756, 0.0374973, 0.0438787, -2.77556e-17, -8.67362e-18, 3.46945e-18
0.0682212, 0.0189114, -0.0565286, 0.1533, 0.0169017, -0.00149729, -0.13838, -0.0100713, 0.00622278, 0.82346, 0.042666, 0.0402711, 2.77556e-17, 6.93889e-18, 6.93889e-18
0.0510395, 0.0154566, -0.059466, 0.193312, 0.020902, -0.00147537, -0.17346, -0.0128366, 0.00752553, 0.840213, 0.0472224, 0.0373616, 5.41668e-35, -1.56125e-17, 3.46945e-18
0.0343019, 0.0124979, -0.0619904, 0.228199, 0.0244263, -0.000861574, -0.204078, -0.0151574, 0.00851322, 0.855199, 0.05138, 0.0349865, 6.01853e-36, 1.73472e-18, -3.46945e-18
0.0166831, 0.00970129, -0.0642863, 0.262286, 0.0278952, 6.59885e-05, -0.234015, -0.0173845, 0.00934849, 0.87016, 0.0556826, 0.032719, 2.77556e-17, -1.73472e-17, -6.93889e-18
-0.00148589, 0.00715845, -0.0658964, 0.295139, 0.0311068, 0.00115388, -0.262874, -0.0195144, 0.010018, 0.884996, 0.0603165, 0.0304979, 5.55112e-17, 0, 0
-0.0199721, 0.00490105, -0.0665138, 0.32647, 0.03388, 0.00234587, -0.290384, -0.0215361, 0.0105149, 0.899778, 0.0655307, 0.028256, -2.77556e-17, 1.73472e-18, 4.81482e-35
-0.0390564, 0.00283031, -0.0668465, 0.356665, 0.0363609, 0.00388853, -0.316888, -0.0234285, 0.0108694, 0.915035, 0.0715653, 0.0259671, 2.77556e-17, -8.67362e-18, 6.93889e-18
-0.058502, 0.000970327, -0.0671058, 0.385421, 0.0385538, 0.00563219, -0.342123, -0.0251894, 0.0111017, 0.929826, 0.077834, 0.0236561, -5.55112e-17, -5.20417e-18, -2.88889e-34
-0.0779698, -0.000626732, -0.0673539, 0.412303, 0.0403845, 0.00735964, -0.365705, -0.0268192, 0.0112278, 0.943011, 0.0836387, 0.0214159, 2.77556e-17, -5.20417e-18, -3.46945e-18
-0.0972626, -0.00196038, -0.0671989, 0.437037, 0.0417821, 0.0089848, -0.38739, -0.0283023, 0.0112601, 0.954634, 0.0886628, 0.0193297, -1.20371e-35, -1.73472e-18, -6.93889e-18
-0.116557, -0.00317334, -0.0658308, 0.459851, 0.0428308, 0.0106711, -0.407376, -0.0296164, 0.0112121, 0.965749, 0.0933467, 0.0173653, -2.77556e-17, -1.73472e-18, -4.81482e-35
-0.135862, -0.0043119, -0.0636961, 0.480838, 0.0436372, 0.0123313, -0.425749, -0.0307919, 0.0111102, 0.974069, 0.0973973, 0.015658, 5.55112e-17, -1.04083e-17, 8.67362e-18
-0.155177, -0.00537857, -0.0612965, 0.500079, 0.0442991, 0.0138502, -0.442586, -0.0318641, 0.0109773, 0.977168, 0.100477, 0.0143945, 2.77556e-17, 7.80626e-18, -3.46945e-18
-0.174693, -0.0063677, -0.0586268, 0.517576, 0.0447486, 0.0152284, -0.457889, -0.0328276, 0.010821, 0.97685, 0.102629, 0.0132804, 2.77556e-17, -2.25514e-17, -1.73472e-18
-0.194323, -0.00733291, -0.0554934, 0.533301, 0.0449428, 0.016531, -0.471631, -0.0336643, 0.0106463, 0.976436, 0.104117, 0.0121291, -2.77556e-17, 1.43115e-17, 3.46945e-18
-0.213652, -0.00831932, -0.0521145, 0.547284, 0.0450127, 0.0177213, -0.483841, -0.0343927, 0.0104673, 0.975774, 0.104934, 0.0113065, 2.77556e-17, 2.90566e-17, -4.33681e-18
-0.232297, -0.00934517, -0.0486936, 0.559543, 0.0450814, 0.0187541, -0.494542, -0.0350306, 0.010296, 0.974557, 0.105042, 0.0111373, 2.77556e-17, 6.72205e-18, -6.07153e-18
-0.250533, -0.0103637, -0.0451067, 0.569939, 0.0450585, 0.019625, -0.503609, -0.0355581, 0.0101358, 0.969779, 0.103905, 0.0109975, -4.16334e-17, -8.45678e-18, 1.73472e-18
-0.268263, -0.0114246, -0.0413653, 0.578606, 0.0449413, 0.0203579, -0.511161, -0.0359828, 0.00999021, 0.961612, 0.101661, 0.0105515, 5.55112e-17, 4.10913e-17, 1.30104e-18
-0.285117, -0.0126019, -0.0376075, 0.58579, 0.0448108, 0.0209686, -0.517416, -0.0363302, 0.00986308, 0.951767, 0.0987531, 0.00979617, 1.38778e-17, -9.24282e-18, -1.0842e-18
-0.300779, -0.0139332, -0.0339421, 0.591727, 0.0447306, 0.0214702, -0.522585, -0.0366234, 0.00975609, 0.941644, 0.0954987, 0.00872261, 6.93889e-18, 6.17995e-18, 2.1684e-19
-0.315379, -0.0153444, -0.0302799, 0.596422, 0.0446389, 0.0218584, -0.526668, -0.0368548, 0.00966778, 0.930446, 0.0916282, 0.00723366, -3.46945e-18, -1.78419e-17, 4.33681e-19
-0.329027, -0.0168693, -0.0266399, 0.59963, 0.0445503, 0.0221184, -0.529455, -0.0370116, 0.00960497, 0.918004, 0.0873553, 0.0053978, -1.28599e-35, 1.48265e-17, 8.67362e-19
-0.341799, -0.0185619, -0.0230738, 0.601095, 0.0444997, 0.022235, -0.530726, -0.0370827, 0.00957545, 0.904402, 0.0829897, 0.00332232, 1.38778e-17, -1.89735e-17, -2.60209e-18
-0.353802, -0.0204497, -0.0195875, 0.600763, 0.0445107, 0.0222086, -0.530476, -0.0370707, 0.00958349, 0.889395, 0.0791198, 0.000515714, -1.38778e-17, -6.28837e-18, 3.46945e-18
-0.365037, -0.0224882, -0.0161353, 0.599051, 0.0445602, 0.022071, -0.529094, -0.0369983, 0.00962067, 0.872715, 0.0763015, -0.00389472, -1.38778e-17, 1.21431e-17, 1.73472e-18
-0.375272, -0.024656, -0.0128009, 0.596079, 0.0446279, 0.0218271, -0.526547, -0.0368558, 0.00967798, 0.855291, 0.073952, -0.00891891, -2.77556e-17, -5.20417e-18, -3.46945e-18
-0.384267, -0.0269263, -0.00967162, 0.591944, 0.0446949, 0.0214811, -0.522782, -0.0366325, 0.00974613, 0.83808, 0.0713681, -0.0135521, 6.62038e-35, 1.9082e-17, -3.46945e-18
-0.392005, -0.0293111, -0.00674195, 0.586344, 0.0447814, 0.021007, -0.517348, -0.0362971, 0.00982297, 0.821285, 0.0681461, -0.0175212, -1.50463e-35, -4.33681e-18, -3.46945e-18
-0.39858, -0.031785, -0.00397417, 0.57938, 0.0448924, 0.0204191, -0.510471, -0.0358693, 0.00990921, 0.804457, 0.0647136, -0.0213513, 5.55112e-17, 6.93889e-18, 1.73472e-18
-0.403917, -0.0342592, -0.00140306, 0.571761, 0.0449856, 0.0197788, -0.503104, -0.035414, 0.0100009, 0.787572, 0.0615576, -0.0252582, -2.77556e-17, -1.73472e-18, -1.73472e-18
-0.407929, -0.0366499, 0.000940617, 0.564157, 0.045016, 0.0191414, -0.496162, -0.0349918, 0.0100968, 0.770665, 0.0591647, -0.0294284, -5.55112e-17, -1.38778e-17, -5.20417e-18
-0.410412, -0.0389924, 0.0030707, 0.556313, 0.0449798, 0.0184823, -0.48947, -0.0345904, 0.0101981, 0.754453, 0.0576722, -0.0340309, -5.55112e-17, -8.67362e-18, -4.81482e-34
-0.411621, -0.0412564, 0.00500971, 0.548168, 0.0449068, 0.0177981, -0.482766, -0.0341924, 0.0103048, 0.738197, 0.0566997, -0.0387254, -7.22224e-35, -1.38778e-17, -5.20417e-18
-0.411966, -0.0433673, 0.00676805, 0.539962, 0.0448222, 0.0171119, -0.47606, -0.033799, 0.0104165, 0.720594, 0.0558397, -0.0430715, 6.01853e-36, -3.46945e-18, 1.73472e-18
-0.411632, -0.0453039, 0.0083515, 0.531826, 0.0447458, 0.0164371, -0.469307, -0.0334094, 0.0105363, 0.700605, 0.0547678, -0.0467755, -1.66533e-16, -6.93889e-18, -3.46945e-18
-0.409693, -0.0472068, 0.0097734, 0.523429, 0.04467, 0.0157436, -0.46234, -0.0330182, 0.0106743, 0.678912, 0.0536807, -0.0501614, -2.77556e-17, -1.04083e-17, -3.46945e-18
-0.406327, -0.0488404, 0.0110753, 0.51516, 0.0445875, 0.0150644, -0.455467, -0.032634, 0.0108115, 0.655467, 0.0526158, -0.0530851, -8.32667e-17, 1.38778e-17, 1.73472e-18
-0.401937, -0.0499147, 0.0122944, 0.507529, 0.0444894, 0.0144425, -0.449063, -0.0322676, 0.0109256, 0.629996, 0.051531, -0.0553099, -2.77556e-17, -1.38778e-17, -3.85186e-34
-0.396928, -0.0503492, 0.0133779, 0.502232, 0.0444582, 0.0139926, -0.444554, -0.0320033, 0.0109916, 0.60188, 0.0499628, -0.0563859, 2.77556e-17, -9.62965e-35, -3.46945e-18
-0.391183, -0.0505307, 0.0141858, 0.499874, 0.044547, 0.0137477, -0.442497, -0.0318836, 0.011016, 0.570968, 0.0472558, -0.0561128, 1.20371e-35, 3.46945e-18, -3.46945e-18
-0.384092, -0.0505207, 0.0148013, 0.495662, 0.0444469, 0.013395, -0.438762, -0.0316431, 0.0110436, 0.538803, 0.0440762, -0.0552817, -2.77556e-17, -1.73472e-18, 8.67362e-19
-0.375029, -0.0503602, 0.0153172, 0.484617, 0.0438566, 0.0126064, -0.42905, -0.0310084, 0.0111121, 0.507011, 0.041191, -0.0545808, -3.76158e-36, -1.73472e-18, -2.1684e-18
-0.363877, -0.0491419, 0.0148584, 0.465653, 0.0427683, 0.0111623, -0.412433, -0.0299571, 0.0112077, 0.475168, 0.039017, -0.0541936, -1.38778e-17, 1.73472e-18, -3.46945e-18
-0.350977, -0.0464082, 0.012992, 0.441073, 0.0414004, 0.00925049, -0.390894, -0.0285848, 0.0112685, 0.442882, 0.0370567, -0.0537649, -1.38778e-17, 1.73472e-18, -1.73472e-18
-0.336395, -0.0428513, 0.0104866, 0.410969, 0.0398219, 0.00713591, -0.364508, -0.0268068, 0.0112336, 0.411839, 0.0347211, -0.0530994, 6.93889e-18, 1.73472e-18, 6.50521e-19
-0.320115, -0.0390706, 0.00807559, 0.375033, 0.0379712, 0.00507401, -0.332993, -0.024524, 0.0110203, 0.383616, 0.0313941, -0.0520361, 3.46945e-18, -1.73472e-18, 6.50521e-19
-0.300778, -0.0346231, 0.00521007, 0.327348, 0.0340065, 0.00316078, -0.291125, -0.0213846, 0.0104655, 0.357397, 0.0267002, -0.0504068, 0, -0, -2.43945e-19
-0.279767, -0.0297761, 0.00197707, 0.274168, 0.0287855, 0.00120135, -0.244429, -0.0179399, 0.00954425, 0.33325, 0.0212296, -0.048577, 8.67362e-19, -9.28641e-37, -1.07065e-18
-0.259552, -0.0251662, -0.00094976, 0.226417, 0.0241027, -0.000607596, -0.202521, -0.0149398, 0.00846752, 0.312123, 0.0157833, -0.0469565, 1.73472e-18, 1.01093e-36, 5.82759e-19
-0.242316, -0.021205, -0.00296423, 0.193076, 0.0211428, -0.00165352, -0.173277, -0.0128663, 0.00757814, 0.295423, 0.0110407, -0.0458156, 2.35099e-38, -4.33681e-19, 5.42101e-20
-0.227413, -0.0174906, -0.00440755, 0.169201, 0.0187788, -0.00197141, -0.152337, -0.0112848, 0.00683894, 0.284749, 0.00664156, -0.0449512, 8.81621e-37, -8.67362e-19, 1.01644e-18
-0.213717, -0.0140449, -0.00522449, 0.153654, 0.0169848, -0.00190206, -0.138697, -0.0101806, 0.0062979, 0.276211, 0.00250038, -0.0440935, -6.47257e-37, 2.1684e-19, 2.98494e-18
-0.20027, -0.0110029, -0.00524025, 0.146848, 0.0160908, -0.00175587, -0.132724, -0.00966445, 0.00604103, 0.265232, -0.00136352, -0.0430839, -1.73472e-18, -1.01915e-35, 5.87502e-18
-0.186745, -0.008464, -0.00443455, 0.152877, 0.0166977, -0.00164802, -0.138011, -0.0100534, 0.00625214, 0.248626, -0.00493131, -0.0419622, 8.67362e-19, -8.56642e-37, -9.8764e-19
-0.173817, -0.0062722, -0.00324766, 0.174933, 0.0189785, -0.00136515, -0.157354, -0.011514, 0.00699565, 0.228531, -0.00823893, -0.0409866, 8.67362e-19, -8.67362e-19, 1.05032e-19
-0.160769, -0.00416111, -0.00201221, 0.201755, 0.0217871, -0.00114213, -0.180882, -0.0133366, 0.00782948, 0.206972, -0.0114193, -0.0401321, 0, 0, 2.30393e-19
-0.146815, -0.00187906, -0.00106888, 0.221561, 0.0238779, -0.00104176, -0.19826, -0.0147092, 0.00839401, 0.185884, -0.0146064, -0.0393359, -8.67362e-19, 8.67362e-19, -5.42101e-20
-0.131672, 0.000617796, -0.00049078, 0.231342, 0.0248963, -0.000938917, -0.206848, -0.0153794, 0.00865399, 0.165843, -0.0173667, -0.0383431, 8.67362e-19, 8.67362e-19, 4.60786e-19
-0.115751, 0.00320136, -9.46412e-05, 0.236755, 0.0254396, -0.000801721, -0.211608, -0.015734, 0.00879036, 0.145895, -0.0198286, -0.0370132, -8.67362e-19, 1.73472e-18, -8.06375e-19
-0.0993136, 0.00585368, 0.000150778, 0.239022, 0.0256523, -0.000685405, -0.213606, -0.01587, 0.00884448, 0.125674, -0.0229575, -0.0354979, -4.33681e-19, 8.67362e-19, 1.52466e-18
-0.0826086, 0.00856224, 0.000258984, 0.239118, 0.0256553, -0.000662628, -0.213691, -0.0158719, 0.0088462, 0.104817, -0.027826, -0.034009, 6.6342e-37, 4.33681e-19, -1.52974e-18
-0.0656065, 0.0113697, -0.00012776, 0.233012, 0.0250348, -0.000876599, -0.208325, -0.0154861, 0.00869708, 0.0831468, -0.0366552, -0.0324696, 1.33712e-37, 8.67362e-19, -1.5416e-19
-0.0482108, 0.0142278, -0.000920305, 0.220279, 0.0237381, -0.00120462, -0.197141, -0.0146586, 0.00836822, 0.0610481, -0.0466474, -0.0311888, 0, 0, 2.92735e-18
-0.0303867, 0.0170679, -0.00181164, 0.202768, 0.0219451, -0.00144771, -0.181769, -0.0134814, 0.007877, 0.0389833, -0.0533988, -0.0303394, 8.91025e-36, 3.46945e-18, -2.5682e-18
-0.011968, 0.0198548, -0.00253594, 0.181661, 0.0197578, -0.00148495, -0.163317, -0.0120083, 0.0072127, 0.0160423, -0.05321, -0.029625, 4.33681e-19, 3.46945e-18, -1.78893e-18
0.00748387, 0.0226304, -0.00319932, 0.155054, 0.0170123, -0.0016094, -0.140308, -0.010152, 0.00625462, -0.0121069, -0.0487544, -0.0283554, -1.73472e-18, -8.93376e-37, 5.14996e-19
0.0271079, 0.025381, -0.00391607, 0.124747, 0.0138821, -0.00169676, -0.113947, -0.00807919, 0.00508672, -0.0379776, -0.0434666, -0.0268015, 1.73472e-18, 2.20993e-36, 1.27394e-18
0.0458645, 0.0280757, -0.00475943, 0.0932386, 0.0105627, -0.00149867, -0.0859693, -0.00597806, 0.00384917, -0.0523233, -0.0402202, -0.0257718, 8.67362e-19, -3.25261e-19, -4.42151e-19
0.0633014, 0.0307287, -0.00572986, 0.0612426, 0.00698805, -0.000906363, -0.056628, -0.00390292, 0.00261172, -0.0473578, -0.041383, -0.0257016, 3.46945e-18, -4.56092e-36, -1.3146e-18
0.0800743, 0.0333788, -0.00676127, 0.0269469, 0.00292406, -0.000273123, -0.0245091, -0.00175141, 0.00124414, -0.0233129, -0.0459423, -0.0253648, 1.38778e-17, -3.00927e-36, -2.1684e-19
0.0957181, 0.0359031, -0.00794137, -0.0072259, -0.00119943, 0.000355884, 0.00789112, 0.000336935, -0.000196673, 0.0175568, -0.0512595, -0.0241851, 0, -8.67362e-19, 0
0.109709, 0.0381679, -0.00935194, -0.0386528, -0.00492392, 0.00105644, 0.0379001, 0.00223722, -0.00160563, 0.0730616, -0.0546398, -0.0219601, 5.55112e-17, -3.46945e-18, 4.33681e-19
0.122074, 0.0401935, -0.0109883, -0.0679664, -0.00832727, 0.00212912, 0.0662276, 0.00404494, -0.00297324, 0.151327, -0.0564627, -0.0185739, -5.55112e-17, 8.67362e-19, -8.67362e-19
0.132993, 0.0420141, -0.0127906, -0.0958253, -0.0115906, 0.0034792, 0.0935209, 0.00578377, -0.00432281, 0.249433, -0.0584647, -0.0141084, 8.32667e-17, 2.60209e-18, 8.67362e-19
0.142176, 0.0435163, -0.0147453, -0.119654, -0.0143567, 0.00471346, 0.117012, 0.0072571, -0.00553888, 0.348647, -0.059967, -0.00928055, 5.55112e-17, 3.46945e-18, 1.73472e-18
0.149275, 0.0445703, -0.016854, -0.136729, -0.0161995, 0.00550186, 0.133789, 0.0082799, -0.00646183, 0.431005, -0.0602968, -0.00489631, 0, -2.60209e-18, 0
0.152952, 0.044711, -0.0194659, -0.142264, -0.0166333, 0.00589137, 0.139221, 0.00863711, -0.00676934, 0.499411, -0.0578524, 0.000521244, -4.0437e-36, -4.66207e-18, -8.67362e-19
0.153232, 0.0439379, -0.0225902, -0.136632, -0.0157498, 0.00602494, 0.133744, 0.00838444, -0.00644886, 0.559281, -0.0522413, 0.00707889, -3.46945e-18, 1.30104e-18, 4.5139e-36
0.150748, 0.0424659, -0.0260711, -0.122072, -0.0138222, 0.00590897, 0.119547, 0.0076294, -0.00564258, 0.610982, -0.0438668, 0.0140645, -2.08167e-17, 1.0842e-18, -1.73472e-18
0.146134, 0.0405084, -0.0297614, -0.100823, -0.01114, 0.00551828, 0.0988206, 0.00646594, -0.00451204, 0.654879, -0.0333318, 0.0209601, -1.38778e-17, 2.40741e-35, -1.73472e-18
0.14003, 0.0382703, -0.0335135, -0.0751226, -0.00799641, 0.00483628, 0.0737568, 0.00499147, -0.00321771, 0.69135, -0.0213798, 0.0274139, -1.38778e-17, -4.33681e-19, -3.46945e-18
0.133075, 0.0359432, -0.037174, -0.0472113, -0.00467784, 0.0038828, 0.0465456, 0.00331808, -0.00190378, 0.720806, -0.00884679, 0.0332025, 5.55112e-17, 7.37257e-18, -4.0926e-34
0.125918, 0.0337032, -0.040579, -0.0193327, -0.0014546, 0.00272932, 0.0193766, 0.00157785, -0.000688303, 0.743706, 0.00338018, 0.0381898, -1.11022e-16, -1.30104e-17, 1.73472e-18
0.119209, 0.031711, -0.0435542, 0.00626643, 0.00142507, 0.00150235, -0.00556149, -7.69639e-05, 0.000341109, 0.760554, 0.0143962, 0.0422837, -2.77556e-17, -0, 0
0.113603, 0.030114, -0.0459152, 0.0273372, 0.00373634, 0.000375656, -0.0260814, -0.00147795, 0.00112522, 0.771891, 0.023306, 0.0453956, -2.77556e-17, -5.20417e-18, -3.46945e-18
0.109759, 0.0290523, -0.0474716, 0.0416294, 0.00527238, -0.000447765, -0.0399967, -0.00244759, 0.00162419, 0.778284, 0.0292456, 0.0474043, 0, -1.04083e-17, 0
-0.298966, -0.0897392, -0.0029475, 0.414936, 0.0122507, -0.0130366, -0.361503, -0.0255209, 0.0213087, 0.502531, 0.0882336, -0.0304552, -2.77556e-17, 1.04083e-17, -5.20417e-18
-0.300384, -0.100643, -0.00265615, 0.386191, 0.0112664, -0.0121871, -0.336334, -0.0241882, 0.0206153, 0.454462, 0.101044, -0.0311919, -2.77556e-17, 1.04083e-17, 2.88889e-34
-0.303689, -0.113716, 0.00107084, 0.3571, 0.0087713, -0.0109502, -0.310905, -0.0221387, 0.0184349, 0.405091, 0.115421, -0.03028, -2.77556e-17, -1.73472e-18, -8.67362e-19
-0.306671, -0.124023, 0.0049866, 0.329022, 0.00644331, -0.00994471, -0.286356, -0.0203502, 0.0163772, 0.359406, 0.126492, -0.0273448, -2.77556e-17, -1.73472e-18, -4.33681e-19
-0.307662, -0.127182, 0.00621137, 0.302973, 0.00582227, -0.00952363, -0.263539, -0.0195142, 0.0159615, 0.322231, 0.129862, -0.0231108, -3.76158e-37, 1.73472e-18, 2.1684e-19
-0.309779, -0.132228, 0.00618162, 0.274403, 0.0046314, -0.00883935, -0.238541, -0.0181365, 0.0150839, 0.293014, 0.131574, -0.0202095, -1.38778e-17, -3.46945e-18, -4.81482e-35
-0.313069, -0.140189, 0.00607621, 0.247518, 0.00256479, -0.00798437, -0.215047, -0.0163273, 0.0133569, 0.269612, 0.134092, -0.0185588, 6.93889e-18, 1.73472e-18, -1.20371e-35
-0.315593, -0.146404, 0.00594405, 0.230267, 0.000903458, -0.00740791, -0.199978, -0.0150268, 0.0119167, 0.250911, 0.136066, -0.0171315, -1.73472e-18, -1.73472e-18, 7.04731e-19
-0.315092, -0.147171, 0.00627939, 0.228529, 0.000686159, -0.00734088, -0.198463, -0.0148728, 0.0117227, 0.236576, 0.135632, -0.0153352, 0, -0, -6.77626e-19
-0.308961, -0.145723, 0.00859333, 0.233471, 0.00100891, -0.00746331, -0.202797, -0.0151673, 0.0119875, 0.22906, 0.130619, -0.0144096, -1.73472e-18, 9.40395e-38, -5.42101e-20
-0.299478, -0.143798, 0.011764, 0.239802, 0.00142109, -0.0076253, -0.20835, -0.0155487, 0.0123237, 0.225035, 0.124173, -0.0140528, 0, -1.73472e-18, 0
-0.28954, -0.142446, 0.0143123, 0.243817, 0.00168168, -0.00773102, -0.211871, -0.015793, 0.0125351, 0.220297, 0.120098, -0.0135937, 2.71051e-20, 1.73472e-18, 3.36272e-19
-0.280618, -0.141292, 0.0165636, 0.241801, 0.00155139, -0.00767438, -0.210111, -0.0156669, 0.0124311, 0.212476, 0.116779, -0.0127594, -3.04932e-20, -1.73472e-18, 1.61783e-19
-0.271019, -0.138174, 0.0209725, 0.2344, 0.00107158, -0.00747264, -0.203649, -0.0152094, 0.0120459, 0.204017, 0.106365, -0.0122259, -1.0842e-19, 7.1999e-38, -6.64074e-19
-0.261327, -0.134757, 0.025581, 0.22639, 0.000549837, -0.00726319, -0.196654, -0.0147212, 0.0116235, 0.195326, 0.095108, -0.0119199, 4.33681e-19, 3.46945e-18, 3.79471e-19
-0.252243, -0.132953, 0.0283138, 0.222639, 0.000304601, -0.00716827, -0.193378, -0.0144951, 0.0114238, 0.186827, 0.0898678, -0.0114505, 2.25695e-36, 6.93889e-18, -3.25261e-19
-0.243953, -0.13189, 0.0310117, 0.221666, 0.000251795, -0.00714105, -0.193245, -0.0144869, 0.0114157, 0.178995, 0.0880628, -0.0113507, -4.33681e-19, -3.46945e-18, -3.79471e-19
-0.236073, -0.129971, 0.0354616, 0.219589, 0.0001389, -0.00708333, -0.192962, -0.0144695, 0.0113983, 0.171675, 0.0841694, -0.0120366, 8.67362e-19, 2.11589e-37, 2.43945e-19
-0.228427, -0.128129, 0.0395933, 0.21767, 3.44023e-05, -0.00703046, -0.1927, -0.0144534, 0.0113823, 0.164461, 0.0805931, -0.0126878, -1.73472e-18, 3.76158e-37, -2.1684e-19
-0.220841, -0.127204, 0.0414176, 0.21716, 6.84667e-06, -0.00701644, -0.192611, -0.014448, 0.0113769, 0.157003, 0.0794323, -0.0125017, -1.73472e-18, 6.93889e-18, 5.42101e-20
-0.213594, -0.12506, 0.0408821, 0.218453, 8.18845e-05, -0.00705092, -0.192425, -0.0144366, 0.0113655, 0.149523, 0.0768976, -0.012554, -1.50463e-36, -6.93889e-18, -2.1684e-19
-0.206595, -0.121932, 0.0394477, 0.220493, 0.000200064, -0.00710573, -0.19213, -0.0144185, 0.0113475, 0.142095, 0.072877, -0.0130389, 7.52316e-37, -6.93889e-18, 1.0842e-19
-0.199558, -0.119441, 0.0384819, 0.222085, 0.000292175, -0.00714888, -0.191901, -0.0144044, 0.0113335, 0.134631, 0.0697671, -0.0133435, 2.1684e-19, -1.02856e-38, -4.74338e-20
-0.192421, -0.118325, 0.0382446, 0.222597, 0.000321899, -0.00716252, -0.191974, -0.0144096, 0.011338, 0.127088, 0.0688266, -0.0130368, 1.0842e-19, -8.66927e-38, -7.99599e-19
-0.185955, -0.115326, 0.0340904, 0.224202, 0.000415387, -0.00720452, -0.192659, -0.0144566, 0.0113801, 0.119548, 0.0657333, -0.0130629, -2.71051e-20, -1.04083e-17, -3.47284e-20
-0.179752, -0.111657, 0.028479, 0.226258, 0.00053501, -0.00725882, -0.193538, -0.014517, 0.0114341, 0.112041, 0.0617576, -0.0133015, -3.25261e-19, 2.22609e-37, -6.84403e-19
-0.173259, -0.109294, 0.0251712, 0.227561, 0.000610775, -0.00729354, -0.194095, -0.0145553, 0.0114683, 0.104603, 0.0592723, -0.0133248, -2.1684e-19, 3.46945e-18, -2.37169e-19
-0.166543, -0.107973, 0.0239757, 0.227479, 0.000605271, -0.00729211, -0.194358, -0.0145733, 0.0114846, 0.0973031, 0.058545, -0.0129869, 1.0842e-19, 3.48975e-38, 3.21873e-19
-0.160424, -0.104505, 0.0189035, 0.226979, 0.000573929, -0.00728137, -0.19514, -0.0146268, 0.0115329, 0.0901558, 0.0563756, -0.0128231, 5.42101e-20, 3.46945e-18, -4.26905e-19
-0.154363, -0.100849, 0.0133043, 0.226439, 0.000540001, -0.0072698, -0.195987, -0.0146848, 0.0115852, 0.0830686, 0.0540237, -0.0127173, 2.1684e-19, 3.46945e-18, -2.84603e-19
-0.147836, -0.0991059, 0.0110292, 0.226186, 0.000524108, -0.00726439, -0.196383, -0.014712, 0.0116096, 0.0759519, 0.0529658, -0.012477, -1.64569e-36, -3.46945e-18, -4.74338e-19
-0.141144, -0.0971251, 0.0103453, 0.223322, 0.000341338, -0.0071846, -0.193242, -0.0144882, 0.0114203, 0.0687917, 0.0519256, -0.0121347, -2.1684e-19, -6.93889e-18, -3.65918e-19
-0.134674, -0.09305, 0.00806917, 0.217206, -5.01113e-05, -0.00701813, -0.186536, -0.0140152, 0.0110123, 0.06163, 0.0496146, -0.0118623, 1.35525e-20, -3.46945e-18, 2.86297e-19
-0.1281, -0.0893131, 0.0059673, 0.211554, -0.00041327, -0.00686901, -0.180339, -0.0135841, 0.0106306, 0.0544675, 0.0474854, -0.0116148, -2.1684e-19, 1.55753e-37, -7.18284e-19
-0.121176, -0.0879964, 0.00575311, 0.209634, -0.000545411, -0.00681688, -0.178244, -0.0134387, 0.0105018, 0.047305, 0.0468198, -0.0113067, -4.79602e-36, 6.93889e-18, 6.91179e-19
-0.114161, -0.0849271, 0.00618453, 0.205073, -0.000984208, -0.00666051, -0.173759, -0.0131126, 0.0102439, 0.040087, 0.0453624, -0.0109024, 4.33681e-19, -2.23344e-37, -5.14996e-19
-0.107136, -0.0801282, 0.00645209, 0.196839, -0.00167166, -0.00642394, -0.166686, -0.012604, 0.00983213, 0.0328623, 0.0430183, -0.0104888, -3.5735e-36, -3.46945e-18, -1.02999e-18
-0.100021, -0.0763707, 0.00673673, 0.187872, -0.00219416, -0.00625236, -0.161165, -0.012212, 0.00950651, 0.025723, 0.0412017, -0.010128, -1.0842e-19, -3.46945e-18, -7.18284e-19
-0.0928164, -0.0750962, 0.00711642, 0.180657, -0.0023314, -0.00619945, -0.159395, -0.0120584, 0.00937189, 0.0187494, 0.040784, -0.00969089, 8.67362e-19, 1.88079e-37, 2.1684e-19
-0.0857646, -0.0711903, 0.0068696, 0.174118, -0.00285395, -0.00598348, -0.153447, -0.0114891, 0.00886044, 0.0119024, 0.0396995, -0.00852876, 0, -0, -2.71051e-19
-0.0786627, -0.0662167, 0.00634253, 0.167455, -0.00353726, -0.005712, -0.144459, -0.0107579, 0.00821058, 0.00512647, 0.0382767, -0.00713865, -4.33681e-19, -6.93889e-18, 6.50521e-19
-0.0712642, -0.0630482, 0.00615256, 0.160178, -0.00395467, -0.00555604, -0.135466, -0.010274, 0.00782521, -0.00163145, 0.0373813, -0.00617521, 7.6233e-21, -3.33957e-39, -4.38075e-19
-0.0635167, -0.0614167, 0.00618399, 0.152075, -0.00419929, -0.0054714, -0.128466, -0.010008, 0.00768813, -0.00842476, 0.0370165, -0.00555346, 0, 0, 7.45389e-20
-0.0556497, -0.0566746, 0.00523015, 0.143453, -0.00504312, -0.00516325, -0.121973, -0.00933705, 0.00714297, -0.0152554, 0.0358578, -0.00420524, -2.1684e-19, -3.46945e-18, 2.71051e-19
-0.0475403, -0.0515695, 0.00409052, 0.134088, -0.00596171, -0.00484728, -0.115057, -0.0086207, 0.00654309, -0.0220905, 0.034584, -0.00278336, 4.33681e-19, 1.04083e-17, -4.5139e-36
-0.0390893, -0.049167, 0.00375622, 0.123732, -0.00636407, -0.00474242, -0.106866, -0.00825579, 0.00629883, -0.0289023, 0.0339901, -0.00200067, 0, -0, -1.35525e-19
-0.0303671, -0.0467454, 0.00326965, 0.112327, -0.00693118, -0.00455339, -0.0972008, -0.00767499, 0.00589794, -0.0357185, 0.033462, -0.0011675, 4.33681e-19, 6.93889e-18, -2.71051e-19
-0.021441, -0.041643, 0.00168529, 0.0999883, -0.00821088, -0.00409997, -0.086467, -0.00651664, 0.0049453, -0.0425617, 0.032303, 0.000338101, 0, 0, 5.69206e-19
-0.0122536, -0.0369586, 0.000173204, 0.0867206, -0.00939603, -0.00372764, -0.074724, -0.00545854, 0.00405408, -0.0494023, 0.0312149, 0.00173176, -1.97483e-36, 1.04083e-17, 1.89735e-19
-0.00279239, -0.0353939, -0.000133231, 0.0724994, -0.00977219, -0.003693, -0.062005, -0.00505682, 0.00378349, -0.0563248, 0.0308417, 0.00234511, 2.25695e-36, 3.46945e-18, -6.50521e-19
0.00693879, -0.0322325, -0.00123698, 0.0569207, -0.0108413, -0.00332294, -0.0478872, -0.0040045, 0.00297787, -0.0649476, 0.0301459, 0.00351173, 8.67362e-19, 3.52648e-37, 4.06576e-19
0.0168817, -0.0272821, -0.00325129, 0.0404144, -0.0125787, -0.00270944, -0.0327985, -0.00240731, 0.00163318, -0.0735879, 0.0290361, 0.00518366, 1.73472e-18, 3.46945e-18, 2.71051e-19
0.0269331, -0.0234608, -0.0048394, 0.0237215, -0.0139415, -0.00232474, -0.0175136, -0.00118828, 0.000555386, -0.0793118, 0.0281575, 0.00644713, -4.33681e-19, -3.52648e-38, 8.13152e-20
0.0369606, -0.0224183, -0.00568234, 0.00722137, -0.014337, -0.00232005, -0.00248446, -0.000768336, 0.000256449, -0.0809336, 0.0279613, 0.00693205, -4.33681e-19, -3.46945e-18, 6.50521e-19
0.0469648, -0.0195414, -0.010319, -0.0101382, -0.0156167, -0.00169953, 0.0132491, 0.000614547, -0.000598836, -0.085735, 0.0276112, 0.00871151, 8.67362e-19, 3.46945e-18, -1.6263e-19
0.0570366, -0.0159488, -0.0163912, -0.0270727, -0.0173, -0.000879324, 0.0286273, 0.00235478, -0.00174671, -0.0918857, 0.0271388, 0.0109875, 7.33508e-36, 1.04083e-17, -7.04731e-19
0.0671904, -0.0138121, -0.0202317, -0.0419082, -0.0183844, -0.000464436, 0.0422276, 0.00343085, -0.00251592, -0.0957855, 0.0268255, 0.0124285, -1.73472e-18, 3.46945e-18, -8.67362e-19
0.0786201, -0.0131142, -0.0229093, -0.0553816, -0.0186577, -0.000500838, 0.0549066, 0.00371541, -0.00275912, -0.094815, 0.0262752, 0.0129707, 0, 0, 0
0.0921236, -0.0108313, -0.0315073, -0.0694627, -0.0193953, -0.000183402, 0.0684975, 0.00453559, -0.00335625, -0.0878843, 0.0245493, 0.014461, 1.38778e-17, 0, 0
0.103517, -0.0084901, -0.040918, -0.0784049, -0.0202049, 0.000264007, 0.0773228, 0.00542914, -0.00399614, -0.0717317, 0.022841, 0.0159005, -1.38778e-17, -3.46945e-18, -8.67362e-19
0.108323, -0.00744237, -0.0453513, -0.076151, -0.0205807, 0.000601167, 0.0754022, 0.00586907, -0.00426533, -0.043004, 0.0223982, 0.0161183, -6.01853e-36, 3.46945e-18, 1.73472e-18
0.105262, -0.00714624, -0.047851, -0.0581616, -0.0192193, 0.000134255, 0.0580947, 0.00448936, -0.00326454, 0.00330741, 0.0245616, 0.0132997, -2.77556e-17, 6.93889e-18, -2.60209e-18
0.098733, -0.00646323, -0.053182, -0.0287017, -0.0163951, -0.00116945, 0.0296878, 0.00142987, -0.00130859, 0.0637254, 0.0281987, 0.00786166, 5.55112e-17, 3.46945e-18, -1.92593e-34
0.0927091, -0.00577077, -0.0581004, 0.00506525, -0.0138925, -0.00242936, -0.00241607, -0.00149066, 0.000330883, 0.128844, 0.0311178, 0.00221167, 5.55112e-17, 5.20417e-18, 3.46945e-18
0.0906277, -0.00553266, -0.0595422, 0.0363478, -0.0131086, -0.00260279, -0.0312074, -0.00248485, 0.000835564, 0.189854, 0.0321839, -0.000882068, 2.77556e-17, -3.46945e-18, -3.46945e-18
0.0853503, -0.00517795, -0.0588693, 0.0678571, -0.0110309, -0.00302939, -0.0589526, -0.00413591, 0.00255713, 0.251999, 0.0367385, -0.00321392, -2.77556e-17, -1.73472e-18, -5.20417e-18
0.0770277, -0.00463349, -0.0578055, 0.10007, -0.00776744, -0.00410948, -0.0866924, -0.00685416, 0.00519595, 0.314057, 0.0438137, -0.00647627, 8.32667e-17, 0, 0
0.0705315, -0.0042212, -0.0569731, 0.130305, -0.00530266, -0.00507721, -0.112663, -0.00911509, 0.00711633, 0.369413, 0.0492142, -0.0100126, 2.77556e-17, 1.30104e-18, -8.67362e-19
0.0685812, -0.00422309, -0.0560122, 0.156061, -0.00476189, -0.00526574, -0.135191, -0.00983875, 0.00744813, 0.41211, 0.0504479, -0.0124595, 2.77556e-17, 8.67362e-19, -2.40741e-35
0.0622908, -0.00464349, -0.050853, 0.177595, -0.00323656, -0.00593912, -0.154241, -0.0113203, 0.00851769, 0.443118, 0.0536684, -0.0146634, 0, 6.50521e-19, 0
0.0522319, -0.00518766, -0.0442658, 0.197013, -0.00126666, -0.00691196, -0.171512, -0.0132126, 0.00990395, 0.466718, 0.0578624, -0.0168388, -5.55112e-17, 2.1684e-19, 8.67362e-19
0.0410143, -0.00540666, -0.040123, 0.216425, -8.90811e-05, -0.00757472, -0.188797, -0.0145151, 0.0106648, 0.48709, 0.0604593, -0.0186762, 2.77556e-17, 1.6263e-19, 1.0842e-19
0.0300696, -0.00589713, -0.0377639, 0.237, 0.000438322, -0.00775494, -0.207122, -0.0151626, 0.0110046, 0.506135, 0.0615339, -0.019926, 5.55112e-17, -1.6263e-19, 2.1684e-19
0.0179481, -0.00849141, -0.0305634, 0.257569, 0.00232401, -0.00826858, -0.225485, -0.0166746, 0.0125321, 0.52116, 0.0650767, -0.0209703, 2.77556e-17, -9.21572e-19, 1.0842e-19
0.00475213, -0.0114929, -0.0228533, 0.278234, 0.00436213, -0.00891043, -0.243841, -0.0183621, 0.014159, 0.533665, 0.0689534, -0.021958, 7.58194e-37, 2.33103e-18, -3.25261e-19
-0.00941008, -0.0128149, -0.0193757, 0.29918, 0.00521213, -0.00931197, -0.262224, -0.0193384, 0.0147274, 0.545424, 0.0707143, -0.0229003, 0, -0, -1.19262e-18
-0.0247133, -0.0153291, -0.0167184, 0.3209, 0.0060341, -0.00974301, -0.280871, -0.0201437, 0.0154798, 0.558044, 0.0723667, -0.0238245, 0, 1.40946e-18, 0
-0.041079, -0.0211578, -0.0109783, 0.343109, 0.00798657, -0.0105865, -0.29963, -0.0215828, 0.0174403, 0.569988, 0.0760514, -0.0247417, -2.77556e-17, 2.49366e-18, -1.30104e-18
-0.0581438, -0.0267068, -0.0059027, 0.364827, 0.00975787, -0.0114653, -0.317963, -0.023012, 0.0191965, 0.578356, 0.0794904, -0.02545, 2.82119e-36, -3.25261e-18, 8.67362e-19
-0.0757385, -0.0285189, -0.00471662, 0.385371, 0.0101986, -0.0119274, -0.335584, -0.0237518, 0.0195186, 0.580591, 0.0805843, -0.0255331, 2.77556e-17, 6.28837e-18, -8.67362e-19
-0.0944629, -0.0315086, -0.0042629, 0.408647, 0.0111141, -0.012551, -0.355878, -0.0247269, 0.0202512, 0.581061, 0.0816752, -0.0232855, 2.77556e-17, -3.03577e-18, 1.73472e-18
-0.113737, -0.0363118, -0.00340603, 0.430949, 0.0126956, -0.0134334, -0.37544, -0.026048, 0.0216498, 0.581802, 0.0834015, -0.0197428, 5.55112e-17, 6.50521e-18, 2.60209e-18
-0.132515, -0.0400943, -0.00301816, 0.445395, 0.0139514, -0.0141322, -0.388151, -0.0270619, 0.0227803, 0.582379, 0.0847542, -0.0169792, 1.05324e-35, -3.03577e-18, 3.46945e-18
-0.149557, -0.0415913, -0.00358226, 0.44693, 0.0141102, -0.0142134, -0.389507, -0.0271787, 0.0229281, 0.581629, 0.0850688, -0.016892, 0, -8.67362e-19, 0
-0.163951, -0.0472252, -0.00451154, 0.443224, 0.0138373, -0.0140171, -0.386262, -0.0268999, 0.022705, 0.575747, 0.0856942, -0.0190473, 1.11022e-16, 4.33681e-19, 1.73472e-18
-0.178274, -0.0544431, -0.00571873, 0.438475, 0.0134865, -0.0137693, -0.382104, -0.0265456, 0.0224173, 0.566155, 0.0865475, -0.021602, -2.77556e-17, -8.67362e-19, 8.67362e-19
-0.195535, -0.05899, -0.0070812, 0.435464, 0.0132633, -0.0136142, -0.379467, -0.0263227, 0.0222338, 0.555108, 0.0871505, -0.022752, 5.55112e-17, 9.62965e-35, 1.73472e-18
-0.217992, -0.0614302, -0.00692358, 0.433189, 0.0131481, -0.0135446, -0.377476, -0.0262269, 0.0221297, 0.543642, 0.0872782, -0.0231136, 8.32667e-17, -7.22224e-35, -8.67362e-19
-0.244113, -0.0696771, -0.00382761, 0.426139, 0.0128023, -0.0133437, -0.371307, -0.0259499, 0.0218138, 0.530437, 0.0875223, -0.0262193, -2.77556e-17, -8.67362e-19, -2.40741e-35
-0.271736, -0.0805096, -0.00139114, 0.41851, 0.0124269, -0.0131329, -0.36463, -0.0256562, 0.0214702, 0.516398, 0.0879008, -0.0295766, 1.11022e-16, -3.46945e-18, -5.20417e-18