0.0214782, -0.648239, -0.0283419, -0.0402575, 0.0797071, -0.400417, 1.12109, -0.689789, -0.0516004, -0.991804, 1.4986, -0.312393
0.0180855, -0.64838, -0.0241098, -0.0400037, 0.0798078, -0.403501, 1.11989, -0.692811, -0.0523442, -0.991804, 1.4986, -0.312393
0.0147687, -0.648508, -0.0199707, -0.0397531, 0.0799031, -0.406528, 1.11872, -0.695776, -0.0530708, -0.991804, 1.4986, -0.312393
0.00933986, -0.648713, -0.0132078, -0.0393664, 0.0800424, -0.411162, 1.11692, -0.700317, -0.0541766, -0.991804, 1.4986, -0.312393
0.000597792, -0.648991, -0.00231507, -0.0387458, 0.0802466, -0.418514, 1.11405, -0.707519, -0.0559142, -0.991804, 1.4986, -0.312393
-0.0104967, -0.649251, 0.0115188, -0.0379536, 0.080474, -0.42775, 1.11043, -0.716564, -0.0580679, -0.991804, 1.4986, -0.312393
-0.0232938, -0.649459, 0.0274709, -0.0370822, 0.0806831, -0.437731, 1.10649, -0.726335, -0.0603583, -0.991804, 1.4986, -0.312393
-0.037568, -0.649576, 0.0452687, -0.0361641, 0.0808591, -0.448058, 1.1024, -0.736443, -0.0626874, -0.991804, 1.4986, -0.312393
-0.0535483, -0.649525, 0.0652247, -0.035159, 0.0810022, -0.459157, 1.09797, -0.747302, -0.065144, -0.991804, 1.4986, -0.312393
-0.0706018, -0.649283, 0.0865358, -0.034164, 0.0810952, -0.469945, 1.09364, -0.757854, -0.0674853, -0.991804, 1.4986, -0.312393
-0.088395, -0.648848, 0.108797, -0.0332397, 0.0811403, -0.479802, 1.08966, -0.767493, -0.0695839, -0.991804, 1.4986, -0.312393
-0.10723, -0.648153, 0.132432, -0.032341, 0.0811474, -0.489245, 1.08583, -0.776723, -0.0715574, -0.991804, 1.4986, -0.312393
-0.12647, -0.647162, 0.156595, -0.031547, 0.0811246, -0.497476, 1.08247, -0.784767, -0.0732483, -0.991804, 1.4986, -0.312393
-0.145668, -0.645888, 0.18069, -0.0309253, 0.0810884, -0.503854, 1.07986, -0.790999, -0.0745393, -0.991804, 1.4986, -0.312393
-0.165186, -0.644319, 0.205243, -0.0304423, 0.0810493, -0.508768, 1.07784, -0.795799, -0.0755226, -0.991804, 1.4986, -0.312393
-0.184447, -0.642441, 0.229413, -0.0301349, 0.0810196, -0.511878, 1.07656, -0.798837, -0.0761398, -0.991804, 1.4986, -0.312393
-0.202918, -0.640293, 0.252398, -0.0300455, 0.0810102, -0.51278, 1.07619, -0.799719, -0.0763181, -0.991804, 1.4986, -0.312393
-0.220942, -0.637906, 0.274689, -0.0301668, 0.0810229, -0.511556, 1.0767, -0.798523, -0.0760761, -0.991804, 1.4986, -0.312393
-0.238158, -0.635353, 0.295727, -0.0304819, 0.0810529, -0.508367, 1.07801, -0.795408, -0.0754427, -0.991804, 1.4986, -0.312393
-0.25411, -0.632739, 0.314778, -0.0309806, 0.0810923, -0.503289, 1.08009, -0.790447, -0.0744256, -0.991804, 1.4986, -0.312393
-0.268979, -0.630104, 0.332051, -0.0316841, 0.0811305, -0.496062, 1.08305, -0.783386, -0.0729598, -0.991804, 1.4986, -0.312393
-0.282703, -0.627546, 0.347493, -0.0325383, 0.0811488, -0.487183, 1.08667, -0.774708, -0.0711296, -0.991804, 1.4986, -0.312393
-0.29509, -0.625189, 0.360859, -0.033479, 0.0811323, -0.477265, 1.09069, -0.765012, -0.0690473, -0.991804, 1.4986, -0.312393
-0.306118, -0.623089, 0.371994, -0.0345438, 0.0810653, -0.465849, 1.09529, -0.753848, -0.0666018, -0.991804, 1.4986, -0.312393
-0.315918, -0.621254, 0.381228, -0.0356726, 0.0809354, -0.453511, 1.10023, -0.741779, -0.0639005, -0.991804, 1.4986, -0.312393
-0.324598, -0.619681, 0.388975, -0.0367671, 0.0807502, -0.441284, 1.10508, -0.729827, -0.0611589, -0.991804, 1.4986, -0.312393
-0.331813, -0.618498, 0.39499, -0.0378487, 0.0805504, -0.428563, 1.10981, -0.717791, -0.0580927, -0.991804, 1.4986, -0.312393
-0.338027, -0.617566, 0.399537, -0.0389025, 0.0802756, -0.416008, 1.11454, -0.705779, -0.0550571, -0.991804, 1.4986, -0.312393
-0.344142, -0.616601, 0.403289, -0.0398627, 0.0798497, -0.405313, 1.11927, -0.694471, -0.0528223, -0.991804, 1.4986, -0.312393
-0.350689, -0.615585, 0.405861, -0.0407961, 0.0791668, -0.396622, 1.12458, -0.683023, -0.0517928, -0.991804, 1.4986, -0.312393
-0.357022, -0.614574, 0.407621, -0.0416444, 0.0783894, -0.38964, 1.12982, -0.672284, -0.0514871, -0.991804, 1.4986, -0.312393
-0.362253, -0.613464, 0.409953, -0.042221, 0.0778273, -0.384939, 1.13345, -0.664844, -0.0513335, -0.991804, 1.4986, -0.312393
-0.36577, -0.612282, 0.412805, -0.0425545, 0.0775622, -0.381536, 1.13536, -0.660549, -0.0508196, -0.991804, 1.4986, -0.312393
-0.368118, -0.610992, 0.416107, -0.0426503, 0.0775245, -0.380167, 1.13579, -0.659341, -0.0504246, -0.991804, 1.4986, -0.312393
-0.370129, -0.60933, 0.421523, -0.0422429, 0.0778412, -0.38442, 1.13349, -0.664591, -0.0511115, -0.991804, 1.4986, -0.312393
-0.372106, -0.606877, 0.430454, -0.0411441, 0.0786033, -0.396044, 1.12746, -0.678427, -0.0531205, -0.991804, 1.4986, -0.312393
-0.373763, -0.603736, 0.442002, -0.039424, 0.0796502, -0.413661, 1.11826, -0.699318, -0.056052, -0.991804, 1.4986, -0.312393
-0.375503, -0.6007, 0.45418, -0.0371338, 0.0806214, -0.437547, 1.10686, -0.725721, -0.0604825, -0.991804, 1.4986, -0.312393
-0.378249, -0.597914, 0.466909, -0.0342041, 0.0811729, -0.468922, 1.09361, -0.75749, -0.0670138, -0.991804, 1.4986, -0.312393
-0.381872, -0.594939, 0.48108, -0.0304969, 0.0811214, -0.507762, 1.07791, -0.795298, -0.0751237, -0.991804, 1.4986, -0.312393
-0.383485, -0.593671, 0.491809, -0.02629, 0.0803499, -0.549674, 1.06079, -0.835784, -0.0832947, -0.991804, 1.4986, -0.312393
-0.381458, -0.595575, 0.49652, -0.0217698, 0.0788799, -0.592077, 1.04277, -0.877082, -0.0906342, -0.991804, 1.4986, -0.312393
-0.377293, -0.599868, 0.497964, -0.0167246, 0.0764793, -0.637203, 1.02307, -0.921026, -0.0975353, -0.991804, 1.4986, -0.312393
-0.368515, -0.60736, 0.490153, -0.0115853, 0.0732641, -0.681331, 1.00333, -0.963941, -0.103359, -0.991804, 1.4986, -0.312393
-0.352899, -0.618964, 0.467488, -0.0067209, 0.0695424, -0.721743, 0.984811, -1.00319, -0.107853, -0.991804, 1.4986, -0.312393
-0.331481, -0.634348, 0.431763, -0.00185544, 0.065179, -0.761111, 0.966364, -1.04138, -0.111422, -0.991804, 1.4986, -0.312393
-0.304217, -0.649552, 0.383364, 0.00238209, 0.0608617, -0.794708, 0.950293, -1.07392, -0.113811, -0.991804, 1.4986, -0.312393
-0.269815, -0.660466, 0.321399, 0.00529034, 0.0576191, -0.81746, 0.939233, -1.09594, -0.115071, -0.991804, 1.4986, -0.312393
-0.225589, -0.665702, 0.242072, 0.00700686, 0.0555975, -0.830789, 0.932687, -1.10883, -0.115672, -0.991804, 1.4986, -0.312393
-0.175879, -0.664331, 0.158352, 0.00759271, 0.054889, -0.835323, 0.930449, -1.11321, -0.115852, -0.991804, 1.4986, -0.312393
-0.126471, -0.658312, 0.0837444, 0.00697289, 0.0556383, -0.830526, 0.932817, -1.10857, -0.115661, -0.991804, 1.4986, -0.312393
-0.074758, -0.647957, 0.0145198, 0.00482136, 0.0581575, -0.813806, 0.941019, -1.0924, -0.114889, -0.991804, 1.4986, -0.312393
-0.0233016, -0.635766, -0.0483943, 0.00183353, 0.0614478, -0.79039, 0.952375, -1.06974, -0.113539, -0.991804, 1.4986, -0.312393
0.022275, -0.625512, -0.101235, -0.00111592, 0.0644603, -0.767017, 0.963561, -1.0471, -0.111887, -0.991804, 1.4986, -0.312393
0.0616225, -0.619065, -0.144576, -0.00431704, 0.0674661, -0.741311, 0.975693, -1.02218, -0.109729, -0.991804, 1.4986, -0.312393
0.0952172, -0.614825, -0.18034, -0.00751219, 0.0701918, -0.715247, 0.987816, -0.996885, -0.107186, -0.991804, 1.4986, -0.312393
0.122503, -0.610626, -0.209263, -0.01002, 0.0721372, -0.694465, 0.997356, -0.976703, -0.104909, -0.991804, 1.4986, -0.312393
0.142853, -0.606713, -0.230778, -0.0117514, 0.0733797, -0.679929, 1.00396, -0.962579, -0.103189, -0.991804, 1.4986, -0.312393
0.157168, -0.603695, -0.245556, -0.0129614, 0.0741984, -0.669673, 1.00859, -0.95261, -0.101912, -0.991804, 1.4986, -0.312393
0.167033, -0.601004, -0.255152, -0.0137508, 0.0747104, -0.662936, 1.01162, -0.946059, -0.101045, -0.991804, 1.4986, -0.312393
0.172039, -0.598335, -0.259095, -0.0140002, 0.0748685, -0.660799, 1.01257, -0.943981, -0.100766, -0.991804, 1.4986, -0.312393
0.172475, -0.596139, -0.257779, -0.0138331, 0.0747628, -0.662231, 1.01193, -0.945374, -0.100953, -0.991804, 1.4986, -0.312393
0.170588, -0.594921, -0.253623, -0.013657, 0.0746505, -0.663738, 1.01126, -0.946839, -0.10115, -0.991804, 1.4986, -0.312393
0.167083, -0.594914, -0.247345, -0.0136233, 0.0746289, -0.664027, 1.01113, -0.94712, -0.101187, -0.991804, 1.4986, -0.312393
0.161254, -0.595849, -0.238226, -0.0135897, 0.0746073, -0.664314, 1.011, -0.947399, -0.101224, -0.991804, 1.4986, -0.312393
0.153859, -0.597549, -0.22715, -0.0136162, 0.0746244, -0.664087, 1.0111, -0.947178, -0.101195, -0.991804, 1.4986, -0.312393
0.145093, -0.59998, -0.214293, -0.0137176, 0.0746893, -0.66322, 1.01149, -0.946335, -0.101082, -0.991804, 1.4986, -0.312393
0.134731, -0.603108, -0.199345, -0.0138744, 0.074789, -0.661877, 1.01209, -0.94503, -0.100907, -0.991804, 1.4986, -0.312393
0.12367, -0.606607, -0.183408, -0.0141572, 0.0749671, -0.659453, 1.01318, -0.942672, -0.100589, -0.991804, 1.4986, -0.312393
0.112345, -0.610358, -0.166984, -0.0146055, 0.0752449, -0.655598, 1.0149, -0.938923, -0.100077, -0.991804, 1.4986, -0.312393
0.100373, -0.614459, -0.149516, -0.0151877, 0.0755969, -0.650575, 1.01714, -0.934036, -0.0993986, -0.991804, 1.4986, -0.312393
0.0885627, -0.618517, -0.132117, -0.0159347, 0.0760343, -0.644095, 1.02002, -0.927733, -0.0985063, -0.991804, 1.4986, -0.312393
0.0774775, -0.622314, -0.115587, -0.0168746, 0.0765617, -0.635889, 1.02365, -0.919747, -0.0973477, -0.991804, 1.4986, -0.312393
0.0667215, -0.626053, -0.0993413, -0.0179932, 0.0771554, -0.626041, 1.02799, -0.910162, -0.0959157, -0.991804, 1.4986, -0.312393
0.0567603, -0.629511, -0.0841152, -0.0192662, 0.0777855, -0.614722, 1.03294, -0.899141, -0.0942141, -0.991804, 1.4986, -0.312393
0.0480401, -0.632513, -0.0706477, -0.02068, 0.0784275, -0.602, 1.03848, -0.886749, -0.0922315, -0.991804, 1.4986, -0.312393
0.0403472, -0.635215, -0.0586347, -0.0222497, 0.0790671, -0.587676, 1.04466, -0.872792, -0.0899115, -0.991804, 1.4986, -0.312393
0.0337433, -0.637602, -0.0482194, -0.0239147, 0.0796589, -0.572235, 1.05127, -0.85774, -0.087308, -0.991804, 1.4986, -0.312393
0.028367, -0.63963, -0.0396757, -0.0256198, 0.0801691, -0.556134, 1.0581, -0.842037, -0.0844817, -0.991804, 1.4986, -0.312393
0.0242472, -0.641348, -0.0330806, -0.0274019, 0.0805944, -0.538967, 1.06532, -0.825287, -0.0813446, -0.991804, 1.4986, -0.312393
0.0211877, -0.642815, -0.0281451, -0.0291917, 0.0809051, -0.521338, 1.07265, -0.808076, -0.0779924, -0.991804, 1.4986, -0.312393
0.0190031, -0.644064, -0.0245914, -0.0309088, 0.0810872, -0.504021, 1.07979, -0.791163, -0.074573, -0.991804, 1.4986, -0.312393
0.017875, -0.645085, -0.0227281, -0.0326021, 0.0811489, -0.486515, 1.08694, -0.774055, -0.0709906, -0.991804, 1.4986, -0.312393
0.0175331, -0.645919, -0.0221313, -0.0342124, 0.0810918, -0.469424, 1.09385, -0.757345, -0.0673733, -0.991804, 1.4986, -0.312393
0.0175588, -0.646616, -0.0221296, -0.0356466, 0.0809391, -0.453799, 1.10011, -0.74206, -0.0639641, -0.991804, 1.4986, -0.312393
0.0181404, -0.64716, -0.0230293, -0.0369555, 0.0807101, -0.439168, 1.10592, -0.727742, -0.0606847, -0.991804, 1.4986, -0.312393
0.0190862, -0.647564, -0.0245247, -0.0381048, 0.0804334, -0.426, 1.11111, -0.71485, -0.0576623, -0.991804, 1.4986, -0.312393
0.0198968, -0.647872, -0.0258112, -0.0389975, 0.0801666, -0.415545, 1.11521, -0.70461, -0.055215, -0.991804, 1.4986, -0.312393
0.0204654, -0.648055, -0.0267173, -0.0395509, 0.0799771, -0.408956, 1.11778, -0.698156, -0.0536513, -0.991804, 1.4986, -0.312393
0.0209707, -0.648146, -0.0275278, -0.0399022, 0.0798469, -0.404729, 1.11942, -0.694013, -0.0526393, -0.991804, 1.4986, -0.312393
0.0214782, -0.648239, -0.0283419, -0.0402575, 0.0797071, -0.400417, 1.12109, -0.689789, -0.0516004, -0.991804, 1.4986, -0.312393
0.0212648, -0.648236, -0.0280578, -0.0402359, 0.0797158, -0.40068, 1.12099, -0.690046, -0.0516639, -0.991804, 1.4986, -0.312393
0.0207717, -0.648229, -0.0274011, -0.0401862, 0.0797358, -0.401286, 1.12075, -0.69064, -0.0518102, -0.991804, 1.4986, -0.312393
0.0199117, -0.648217, -0.0262559, -0.0400994, 0.0797703, -0.402341, 1.12034, -0.691674, -0.0520648, -0.991804, 1.4986, -0.312393
0.0187385, -0.6482, -0.0246938, -0.0399809, 0.0798166, -0.403777, 1.11979, -0.693081, -0.0524106, -0.991804, 1.4986, -0.312393
0.0172705, -0.648175, -0.0227391, -0.0398327, 0.0798733, -0.405568, 1.11909, -0.694836, -0.0528409, -0.991804, 1.4986, -0.312393
0.0155203, -0.648143, -0.020409, -0.0396559, 0.079939, -0.407697, 1.11827, -0.696922, -0.0533505, -0.991804, 1.4986, -0.312393
0.0135127, -0.648103, -0.0177364, -0.0394533, 0.0800119, -0.410124, 1.11732, -0.6993, -0.0539298, -0.991804, 1.4986, -0.312393
0.0112627, -0.648052, -0.0147414, -0.0392263, 0.0800905, -0.412831, 1.11627, -0.701952, -0.054573, -0.991804, 1.4986, -0.312393
0.0087825, -0.64799, -0.0114401, -0.0389759, 0.0801736, -0.4158, 1.11511, -0.70486, -0.0552753, -0.991804, 1.4986, -0.312393
0.00609637, -0.647915, -0.00786489, -0.0387049, 0.0802592, -0.418995, 1.11386, -0.707989, -0.0560271, -0.991804, 1.4986, -0.312393
0.00322021, -0.647827, -0.00403679, -0.0384149, 0.080346, -0.422392, 1.11253, -0.711316, -0.0568224, -0.991804, 1.4986, -0.312393
0.000167444, -0.647724, 2.63042e-05, -0.0381072, 0.0804328, -0.425972, 1.11112, -0.714822, -0.0576557, -0.991804, 1.4986, -0.312393
-0.003039, -0.647606, 0.00429415, -0.0377845, 0.0805179, -0.429702, 1.10966, -0.718475, -0.0585188, -0.991804, 1.4986, -0.312393
-0.00638448, -0.647472, 0.00874737, -0.0374482, 0.0806004, -0.433562, 1.10814, -0.722254, -0.0594061, -0.991804, 1.4986, -0.312393
-0.00985527, -0.647322, 0.0133679, -0.0370998, 0.0806793, -0.437532, 1.10657, -0.72614, -0.0603129, -0.991804, 1.4986, -0.312393
-0.013429, -0.647155, 0.0181262, -0.0367418, 0.0807536, -0.441582, 1.10497, -0.730105, -0.0612316, -0.991804, 1.4986, -0.312393
-0.0170923, -0.646971, 0.0230047, -0.0363757, 0.0808225, -0.445694, 1.10334, -0.734129, -0.0621579, -0.991804, 1.4986, -0.312393
-0.020831, -0.646771, 0.027985, -0.036003, 0.0808855, -0.44985, 1.10168, -0.738197, -0.0630874, -0.991804, 1.4986, -0.312393
-0.0246238, -0.646555, 0.0330388, -0.0356262, 0.080942, -0.454024, 1.10002, -0.74228, -0.0640139, -0.991804, 1.4986, -0.312393
-0.028458, -0.646323, 0.0381496, -0.0352464, 0.0809918, -0.458199, 1.09835, -0.746365, -0.064934, -0.991804, 1.4986, -0.312393
-0.0323194, -0.646077, 0.0432987, -0.0348654, 0.0810346, -0.46236, 1.09669, -0.750435, -0.065844, -0.991804, 1.4986, -0.312393
-0.0361872, -0.645817, 0.0484589, -0.0344853, 0.0810703, -0.466482, 1.09503, -0.754467, -0.0667388, -0.991804, 1.4986, -0.312393
-0.0400499, -0.645545, 0.0536148, -0.0341073, 0.0810991, -0.470554, 1.0934, -0.758449, -0.067616, -0.991804, 1.4986, -0.312393
-0.0438925, -0.645262, 0.0587467, -0.0337331, 0.0811211, -0.474559, 1.09178, -0.762366, -0.0684724, -0.991804, 1.4986, -0.312393
-0.0476953, -0.64497, 0.0638285, -0.0333647, 0.0811364, -0.478479, 1.0902, -0.766199, -0.0693043, -0.991804, 1.4986, -0.312393
-0.0514473, -0.64467, 0.0688455, -0.033003, 0.0811456, -0.482302, 1.08865, -0.769937, -0.0701099, -0.991804, 1.4986, -0.312393
-0.0551327, -0.644364, 0.0737769, -0.0326498, 0.0811489, -0.486016, 1.08714, -0.773567, -0.0708865, -0.991804, 1.4986, -0.312393
-0.058733, -0.644055, 0.0785979, -0.0323066, 0.0811469, -0.489603, 1.08569, -0.777073, -0.0716316, -0.991804, 1.4986, -0.312393
-0.0622375, -0.643744, 0.0832939, -0.0319746, 0.0811402, -0.493056, 1.08428, -0.780448, -0.0723437, -0.991804, 1.4986, -0.312393
-0.0656295, -0.643433, 0.0878426, -0.0316551, 0.0811293, -0.496361, 1.08293, -0.783678, -0.0730209, -0.991804, 1.4986, -0.312393
-0.0688917, -0.643126, 0.0922206, -0.0313497, 0.0811149, -0.499507, 1.08164, -0.786752, -0.0736612, -0.991804, 1.4986, -0.312393
-0.0720135, -0.642825, 0.0964133, -0.0310592, 0.0810976, -0.502485, 1.08042, -0.789662, -0.0742637, -0.991804, 1.4986, -0.312393
-0.0749773, -0.642532, 0.100397, -0.030785, 0.081078, -0.505284, 1.07928, -0.792396, -0.0748266, -0.991804, 1.4986, -0.312393
-0.077767, -0.64225, 0.104149, -0.0305285, 0.081057, -0.507894, 1.0782, -0.794946, -0.0753485, -0.991804, 1.4986, -0.312393
-0.0803718, -0.641981, 0.107655, -0.0302903, 0.0810351, -0.510307, 1.07721, -0.797303, -0.0758286, -0.991804, 1.4986, -0.312393
-0.0827734, -0.641729, 0.11089, -0.0300719, 0.081013, -0.512513, 1.0763, -0.799458, -0.0762655, -0.991804, 1.4986, -0.312393
-0.0849566, -0.641495, 0.113833, -0.0298744, 0.0809914, -0.514503, 1.07548, -0.801402, -0.0766577, -0.991804, 1.4986, -0.312393
-0.0869106, -0.641284, 0.116468, -0.0296985, 0.0809709, -0.516271, 1.07475, -0.803128, -0.0770047, -0.991804, 1.4986, -0.312393
-0.0886161, -0.641096, 0.118769, -0.0295455, 0.0809521, -0.517804, 1.07412, -0.804625, -0.0773047, -0.991804, 1.4986, -0.312393
-0.0900591, -0.640936, 0.120717, -0.0294166, 0.0809355, -0.519093, 1.07358, -0.805885, -0.0775562, -0.991804, 1.4986, -0.312393
-0.091228, -0.640805, 0.122296, -0.0293126, 0.0809217, -0.520133, 1.07315, -0.806899, -0.0777585, -0.991804, 1.4986, -0.312393
-0.092103, -0.640707, 0.123478, -0.0292348, 0.0809111, -0.520908, 1.07283, -0.807657, -0.0779091, -0.991804, 1.4986, -0.312393
-0.0926701, -0.640642, 0.124244, -0.0291845, 0.0809041, -0.521409, 1.07263, -0.808146, -0.0780063, -0.991804, 1.4986, -0.312393
-0.0929166, -0.640614, 0.124578, -0.0291627, 0.080901, -0.521627, 1.07254, -0.808358, -0.0780484, -0.991804, 1.4986, -0.312393
-0.0928367, -0.640623, 0.12447, -0.0291698, 0.080902, -0.521556, 1.07256, -0.80829, -0.0780348, -0.991804, 1.4986, -0.312393
-0.0924461, -0.640668, 0.123942, -0.0292044, 0.0809068, -0.521211, 1.07271, -0.807953, -0.0779679, -0.991804, 1.4986, -0.312393
-0.0917595, -0.640745, 0.123014, -0.0292653, 0.0809152, -0.520604, 1.07296, -0.80736, -0.0778501, -0.991804, 1.4986, -0.312393
-0.0907946, -0.640854, 0.121711, -0.0293511, 0.0809269, -0.519748, 1.07331, -0.806524, -0.0776837, -0.991804, 1.4986, -0.312393
-0.0895624, -0.640991, 0.120047, -0.029461, 0.0809413, -0.51865, 1.07377, -0.805451, -0.0774698, -0.991804, 1.4986, -0.312393
-0.0880748, -0.641156, 0.118039, -0.029594, 0.0809582, -0.517319, 1.07432, -0.804151, -0.0772098, -0.991804, 1.4986, -0.312393
-0.0863498, -0.641345, 0.115711, -0.0297489, 0.0809769, -0.515765, 1.07496, -0.802634, -0.0769055, -0.991804, 1.4986, -0.312393
-0.0843975, -0.641555, 0.113079, -0.0299249, 0.0809971, -0.513995, 1.07569, -0.800905, -0.0765577, -0.991804, 1.4986, -0.312393
-0.0822307, -0.641786, 0.110159, -0.0301211, 0.0810182, -0.512017, 1.07651, -0.798973, -0.0761673, -0.991804, 1.4986, -0.312393
-0.0798667, -0.642034, 0.106975, -0.0303364, 0.0810395, -0.509841, 1.0774, -0.796848, -0.075736, -0.991804, 1.4986, -0.312393
-0.0773155, -0.642296, 0.103542, -0.0305699, 0.0810606, -0.507473, 1.07838, -0.794535, -0.0752645, -0.991804, 1.4986, -0.312393
-0.0745906, -0.64257, 0.0998768, -0.0308207, 0.0810807, -0.504921, 1.07942, -0.792041, -0.0747537, -0.991804, 1.4986, -0.312393
-0.0717086, -0.642855, 0.0960037, -0.0310875, 0.0810994, -0.502196, 1.08054, -0.789379, -0.0742052, -0.991804, 1.4986, -0.312393
-0.0686793, -0.643147, 0.0919354, -0.0313695, 0.0811159, -0.499303, 1.08173, -0.786553, -0.0736198, -0.991804, 1.4986, -0.312393
-0.0655171, -0.643444, 0.0876919, -0.0316656, 0.0811297, -0.496253, 1.08297, -0.783572, -0.0729988, -0.991804, 1.4986, -0.312393
-0.0622382, -0.643744, 0.0832948, -0.0319745, 0.0811402, -0.493057, 1.08428, -0.780448, -0.0723438, -0.991804, 1.4986, -0.312393
-0.058852, -0.644044, 0.0787572, -0.0322953, 0.0811468, -0.489721, 1.08564, -0.777188, -0.071656, -0.991804, 1.4986, -0.312393
-0.0553743, -0.644343, 0.0741003, -0.0326267, 0.0811489, -0.486258, 1.08705, -0.773803, -0.070937, -0.991804, 1.4986, -0.312393
-0.05182, -0.644639, 0.0693442, -0.0329672, 0.0811462, -0.48268, 1.0885, -0.770306, -0.070189, -0.991804, 1.4986, -0.312393
-0.0481991, -0.64493, 0.0645019, -0.033316, 0.081138, -0.478995, 1.08999, -0.766703, -0.0694133, -0.991804, 1.4986, -0.312393
-0.0445282, -0.645214, 0.059596, -0.0336714, 0.0811241, -0.475217, 1.09152, -0.76301, -0.0686126, -0.991804, 1.4986, -0.312393
-0.0408217, -0.645489, 0.0546453, -0.034032, 0.0811041, -0.471362, 1.09307, -0.759239, -0.0677893, -0.991804, 1.4986, -0.312393
-0.0370896, -0.645755, 0.0496631, -0.0343968, 0.0810777, -0.467437, 1.09465, -0.755402, -0.0669452, -0.991804, 1.4986, -0.312393
-0.0333497, -0.646009, 0.044673, -0.034764, 0.0810448, -0.463462, 1.09625, -0.751514, -0.0660839, -0.991804, 1.4986, -0.312393
-0.0296155, -0.646251, 0.039693, -0.035132, 0.0810054, -0.459451, 1.09785, -0.74759, -0.0652086, -0.991804, 1.4986, -0.312393
-0.0258978, -0.646479, 0.0347368, -0.0354998, 0.0809593, -0.455416, 1.09947, -0.743643, -0.0643215, -0.991804, 1.4986, -0.312393
-0.0222152, -0.646694, 0.0298293, -0.0358654, 0.0809069, -0.451378, 1.10108, -0.739692, -0.0634274, -0.991804, 1.4986, -0.312393
-0.0185809, -0.646893, 0.0249875, -0.0362272, 0.0808484, -0.447354, 1.10268, -0.735754, -0.06253, -0.991804, 1.4986, -0.312393
-0.0150061, -0.647077, 0.0202264, -0.0365841, 0.0807841, -0.443357, 1.10426, -0.731842, -0.0616323, -0.991804, 1.4986, -0.312393
-0.0115095, -0.647246, 0.0155703, -0.0369341, 0.0807145, -0.43941, 1.10583, -0.727979, -0.0607397, -0.991804, 1.4986, -0.312393
-0.00810512, -0.647399, 0.0110378, -0.0372755, 0.0806404, -0.435533, 1.10736, -0.724183, -0.0598571, -0.991804, 1.4986, -0.312393
-0.00480639, -0.647537, 0.00664671, -0.0376068, 0.0805623, -0.431745, 1.10885, -0.720475, -0.0589891, -0.991804, 1.4986, -0.312393
-0.0016312, -0.647659, 0.00242032, -0.0379261, 0.0804813, -0.428068, 1.1103, -0.716875, -0.0581414, -0.991804, 1.4986, -0.312393
0.00140761, -0.647767, -0.00162432, -0.0382321, 0.0803982, -0.424521, 1.11169, -0.713401, -0.0573186, -0.991804, 1.4986, -0.312393
0.00429623, -0.647861, -0.00546894, -0.0385233, 0.0803142, -0.421124, 1.11303, -0.710074, -0.056526, -0.991804, 1.4986, -0.312393
0.00701399, -0.647941, -0.00908623, -0.0387974, 0.0802305, -0.417906, 1.11429, -0.706923, -0.0557713, -0.991804, 1.4986, -0.312393
0.00954872, -0.648009, -0.01246, -0.0390532, 0.0801483, -0.414885, 1.11547, -0.703964, -0.0550591, -0.991804, 1.4986, -0.312393
0.011886, -0.648067, -0.0155711, -0.0392892, 0.0800691, -0.412083, 1.11656, -0.701219, -0.0543953, -0.991804, 1.4986, -0.312393
0.014004, -0.648113, -0.0183905, -0.0395029, 0.0799943, -0.409531, 1.11755, -0.698719, -0.0537884, -0.991804, 1.4986, -0.312393
0.0158916, -0.64815, -0.0209033, -0.0396934, 0.0799252, -0.407246, 1.11844, -0.69648, -0.0532428, -0.991804, 1.4986, -0.312393
0.0175352, -0.64818, -0.0230915, -0.0398594, 0.0798632, -0.405246, 1.11922, -0.69452, -0.0527635, -0.991804, 1.4986, -0.312393
0.0189125, -0.648202, -0.0249254, -0.0399985, 0.0798098, -0.403564, 1.11987, -0.692873, -0.0523595, -0.991804, 1.4986, -0.312393
0.020012, -0.648219, -0.0263895, -0.0401095, 0.0797663, -0.402218, 1.12039, -0.691553, -0.0520351, -0.991804, 1.4986, -0.312393
0.0208173, -0.64823, -0.0274618, -0.0401908, 0.079734, -0.40123, 1.12077, -0.690585, -0.0517967, -0.991804, 1.4986, -0.312393
0.0212788, -0.648236, -0.0280763, -0.0402373, 0.0797153, -0.400663, 1.12099, -0.690029, -0.0516597, -0.991804, 1.4986, -0.312393
0.0214782, -0.648239, -0.0283419, -0.0402575, 0.0797071, -0.400417, 1.12109, -0.689789, -0.0516004, -0.991804, 1.4986, -0.312393
0.0143789, -0.648111, -0.0188968, -0.0395378, 0.0799818, -0.409113, 1.11771, -0.698309, -0.0536887, -0.991804, 1.4986, -0.312393
0.00737426, -0.647928, -0.00958986, -0.0388137, 0.0802254, -0.417715, 1.11436, -0.706735, -0.0557263, -0.991804, 1.4986, -0.312393
-0.00240751, -0.647626, 0.00344838, -0.0378434, 0.0805028, -0.429023, 1.10993, -0.71781, -0.058362, -0.991804, 1.4986, -0.312393
-0.0171956, -0.646988, 0.0231754, -0.0363956, 0.0808189, -0.445472, 1.10343, -0.733911, -0.0621079, -0.991804, 1.4986, -0.312393
-0.0353883, -0.645883, 0.0474205, -0.03459, 0.0810612, -0.465349, 1.09549, -0.753359, -0.0664935, -0.991804, 1.4986, -0.312393
-0.0539742, -0.644458, 0.0722268, -0.0327621, 0.0811484, -0.484837, 1.08762, -0.772415, -0.0706407, -0.991804, 1.4986, -0.312393
-0.0718276, -0.642879, 0.0961909, -0.0310934, 0.0810998, -0.502135, 1.08057, -0.78932, -0.0741931, -0.991804, 1.4986, -0.312393
-0.0900743, -0.640996, 0.120797, -0.029454, 0.0809404, -0.51872, 1.07374, -0.80552, -0.0774834, -0.991804, 1.4986, -0.312393
-0.10607, -0.639075, 0.142418, -0.028034, 0.0807178, -0.532787, 1.0679, -0.819254, -0.0801843, -0.991804, 1.4986, -0.312393
-0.118996, -0.637351, 0.159935, -0.0269024, 0.0804867, -0.543816, 1.06329, -0.830018, -0.0822434, -0.991804, 1.4986, -0.312393
-0.130469, -0.635734, 0.175582, -0.0259519, 0.0802569, -0.552962, 1.05944, -0.838943, -0.0839116, -0.991804, 1.4986, -0.312393
-0.135115, -0.63509, 0.18199, -0.0256112, 0.0801668, -0.556216, 1.05807, -0.842117, -0.0844963, -0.991804, 1.4986, -0.312393
-0.128458, -0.636132, 0.173607, -0.0260322, 0.0804207, -0.551313, 1.05944, -0.838256, -0.0832133, -0.991804, 1.4986, -0.312393
-0.112587, -0.638333, 0.154126, -0.0267594, 0.0810748, -0.541324, 1.06129, -0.831662, -0.0800329, -0.991804, 1.4986, -0.312393
-0.0872525, -0.641415, 0.119496, -0.0290361, 0.081419, -0.519388, 1.07074, -0.809884, -0.0760588, -0.991804, 1.4986, -0.312393
-0.050805, -0.643911, 0.064682, -0.0338597, 0.0804402, -0.47811, 1.09404, -0.76059, -0.0713199, -0.991804, 1.4986, -0.312393
-0.000606751, -0.64271, -0.010407, -0.0403232, 0.0775835, -0.418148, 1.12737, -0.687326, -0.0632118, -0.991804, 1.4986, -0.312393
0.0556139, -0.636566, -0.100087, -0.0475062, 0.0712598, -0.345063, 1.16975, -0.590717, -0.0530066, -0.991804, 1.4986, -0.312393
0.109718, -0.623748, -0.201935, -0.0546729, 0.0595302, -0.261386, 1.22225, -0.464293, -0.0423626, -0.991804, 1.4986, -0.312393
0.166802, -0.595012, -0.330925, -0.0609172, 0.0381566, -0.152822, 1.28948, -0.280041, -0.0277709, -0.991804, 1.4986, -0.312393
0.220341, -0.551202, -0.453564, -0.0623225, 0.0130495, -0.0492975, 1.34486, -0.0932274, -0.0104211, -0.991804, 1.4986, -0.312393
0.259891, -0.514932, -0.53035, -0.0607604, -0.00331953, 0.0113844, 1.37198, 0.0188356, 0.00146753, -0.991804, 1.4986, -0.312393
0.282547, -0.502197, -0.556988, -0.0603237, -0.00608801, 0.0213454, 1.37599, 0.0371943, 0.00356617, -0.991804, 1.4986, -0.312393
0.296116, -0.50252, -0.560776, -0.0608875, -0.0024541, 0.00824702, 1.37069, 0.0130663, 0.000810693, -0.991804, 1.4986, -0.312393
0.308984, -0.500771, -0.567569, -0.0611737, -0.000379788, 0.000680333, 1.36755, -0.000822497, -0.000764866, -0.991804, 1.4986, -0.312393
0.321372, -0.495893, -0.578828, -0.0611737, -0.000379788, 0.000680333, 1.36755, -0.000822497, -0.000764866, -0.991804, 1.4986, -0.312393
0.331585, -0.49178, -0.588164, -0.0611737, -0.000379788, 0.000680333, 1.36755, -0.000822497, -0.000764866, -0.991804, 1.4986, -0.312393
0.340546, -0.488125, -0.596371, -0.0611737, -0.000379788, 0.000680333, 1.36755, -0.000822497, -0.000764866, -0.991804, 1.4986, -0.312393
0.348254, -0.484947, -0.603441, -0.0611737, -0.000379788, 0.000680333, 1.36755, -0.000822497, -0.000764866, -0.991804, 1.4986, -0.312393
0.354643, -0.482277, -0.60932, -0.0611737, -0.000379788, 0.000680333, 1.36755, -0.000822497, -0.000764866, -0.991804, 1.4986, -0.312393
0.360236, -0.47992, -0.614474, -0.0611737, -0.000379788, 0.000680333, 1.36755, -0.000822497, -0.000764866, -0.991804, 1.4986, -0.312393
0.365134, -0.477842, -0.618993, -0.0611737, -0.000379788, 0.000680333, 1.36755, -0.000822497, -0.000764866, -0.991804, 1.4986, -0.312393
0.369222, -0.476093, -0.62277, -0.0611737, -0.000379788, 0.000680333, 1.36755, -0.000822497, -0.000764866, -0.991804, 1.4986, -0.312393
0.372772, -0.474565, -0.626055, -0.0611737, -0.000379788, 0.000680333, 1.36755, -0.000822497, -0.000764866, -0.991804, 1.4986, -0.312393
0.375889, -0.473218, -0.628939, -0.0611737, -0.000379788, 0.000680333, 1.36755, -0.000822497, -0.000764866, -0.991804, 1.4986, -0.312393
0.378479, -0.472093, -0.631339, -0.0611737, -0.000379788, 0.000680333, 1.36755, -0.000822497, -0.000764866, -0.991804, 1.4986, -0.312393
0.380677, -0.471135, -0.633378, -0.0611737, -0.000379788, 0.000680333, 1.36755, -0.000822497, -0.000764866, -0.991804, 1.4986, -0.312393
0.382559, -0.470313, -0.635123, -0.0611737, -0.000379788, 0.000680333, 1.36755, -0.000822497, -0.000764866, -0.991804, 1.4986, -0.312393
0.384069, -0.469651, -0.636525, -0.0611737, -0.000379788, 0.000680333, 1.36755, -0.000822497, -0.000764866, -0.991804, 1.4986, -0.312393
0.385256, -0.469129, -0.637627, -0.0611737, -0.000379788, 0.000680333, 1.36755, -0.000822497, -0.000764866, -0.991804, 1.4986, -0.312393
0.386153, -0.468734, -0.638461, -0.0611737, -0.000379788, 0.000680333, 1.36755, -0.000822497, -0.000764866, -0.991804, 1.4986, -0.312393
0.386739, -0.468476, -0.639005, -0.0611737, -0.000379788, 0.000680333, 1.36755, -0.000822497, -0.000764866, -0.991804, 1.4986, -0.312393
0.387034, -0.468346, -0.639279, -0.0611737, -0.000379788, 0.000680333, 1.36755, -0.000822497, -0.000764866, -0.991804, 1.4986, -0.312393
0.387054, -0.468337, -0.639298, -0.0611737, -0.000379788, 0.000680333, 1.36755, -0.000822497, -0.000764866, -0.991804, 1.4986, -0.312393
0.386786, -0.468456, -0.639049, -0.0611737, -0.000379788, 0.000680333, 1.36755, -0.000822497, -0.000764866, -0.991804, 1.4986, -0.312393
0.386252, -0.468691, -0.638552, -0.0611737, -0.000379788, 0.000680333, 1.36755, -0.000822497, -0.000764866, -0.991804, 1.4986, -0.312393
0.385479, -0.469031, -0.637835, -0.0611737, -0.000379788, 0.000680333, 1.36755, -0.000822497, -0.000764866, -0.991804, 1.4986, -0.312393
0.384472, -0.469474, -0.636899, -0.0611737, -0.000379788, 0.000680333, 1.36755, -0.000822497, -0.000764866, -0.991804, 1.4986, -0.312393
0.383199, -0.470032, -0.635717, -0.0611737, -0.000379788, 0.000680333, 1.36755, -0.000822497, -0.000764866, -0.991804, 1.4986, -0.312393
0.381635, -0.470717, -0.634266, -0.0611737, -0.000379788, 0.000680333, 1.36755, -0.000822497, -0.000764866, -0.991804, 1.4986, -0.312393
0.379816, -0.471511, -0.632579, -0.0611737, -0.000379788, 0.000680333, 1.36755, -0.000822497, -0.000764866, -0.991804, 1.4986, -0.312393
0.377684, -0.472439, -0.630603, -0.0611737, -0.000379788, 0.000680333, 1.36755, -0.000822497, -0.000764866, -0.991804, 1.4986, -0.312393
0.37516, -0.473533, -0.628265, -0.0611737, -0.000379788, 0.000680333, 1.36755, -0.000822497, -0.000764866, -0.991804, 1.4986, -0.312393
0.37231, -0.474765, -0.625627, -0.0611737, -0.000379788, 0.000680333, 1.36755, -0.000822497, -0.000764866, -0.991804, 1.4986, -0.312393
0.36905, -0.476167, -0.622611, -0.0611737, -0.000379788, 0.000680333, 1.36755, -0.000822497, -0.000764866, -0.991804, 1.4986, -0.312393
0.365216, -0.477805, -0.61907, -0.0611737, -0.000379788, 0.000680333, 1.36755, -0.000822497, -0.000764866, -0.991804, 1.4986, -0.312393
0.360908, -0.479636, -0.615094, -0.0611737, -0.000379788, 0.000680333, 1.36755, -0.000822497, -0.000764866, -0.991804, 1.4986, -0.312393
0.356019, -0.4817, -0.610587, -0.0611737, -0.000379788, 0.000680333, 1.36755, -0.000822497, -0.000764866, -0.991804, 1.4986, -0.312393
0.350248, -0.484112, -0.605279, -0.0611737, -0.000379788, 0.000680333, 1.36755, -0.000822497, -0.000764866, -0.991804, 1.4986, -0.312393
0.343707, -0.486825, -0.59927, -0.0611737, -0.000379788, 0.000680333, 1.36755, -0.000822497, -0.000764866, -0.991804, 1.4986, -0.312393
0.336301, -0.489866, -0.592477, -0.0611737, -0.000379788, 0.000680333, 1.36755, -0.000822497, -0.000764866, -0.991804, 1.4986, -0.312393
0.3275, -0.493425, -0.584434, -0.0611737, -0.000379788, 0.000680333, 1.36755, -0.000822497, -0.000764866, -0.991804, 1.4986, -0.312393
0.317335, -0.497484, -0.575164, -0.0611737, -0.000379788, 0.000680333, 1.36755, -0.000822497, -0.000764866, -0.991804, 1.4986, -0.312393
0.30583, -0.502012, -0.564694, -0.0611737, -0.000379788, 0.000680333, 1.36755, -0.000822497, -0.000764866, -0.991804, 1.4986, -0.312393
0.292166, -0.50726, -0.552338, -0.0611737, -0.000379788, 0.000680333, 1.36755, -0.000822497, -0.000764866, -0.991804, 1.4986, -0.312393
0.278336, -0.508735, -0.545477, -0.0608355, -0.00281207, 0.0095461, 1.37123, 0.0154545, 0.00108239, -0.991804, 1.4986, -0.312393
0.264011, -0.507683, -0.542362, -0.0601561, -0.0070804, 0.0248888, 1.3774, 0.0437404, 0.00431737, -0.991804, 1.4986, -0.312393
0.239889, -0.521399, -0.513613, -0.0606836, -0.00382778, 0.0132216, 1.37273, 0.022217, 0.00185311, -0.991804, 1.4986, -0.312393
0.196761, -0.562162, -0.426569, -0.0624101, 0.0156627, -0.0594816, 1.33996, -0.111704, -0.0123449, -0.991804, 1.4986, -0.312393
0.13793, -0.609776, -0.284897, -0.0595404, 0.0450298, -0.184723, 1.27045, -0.335769, -0.03239, -0.991804, 1.4986, -0.312393
0.0778017, -0.63587, -0.140796, -0.0502501, 0.0678365, -0.310843, 1.18749, -0.547094, -0.0465908, -0.991804, 1.4986, -0.312393
0.0263177, -0.642758, -0.0412962, -0.0418024, 0.0776092, -0.394241, 1.13267, -0.669739, -0.0551866, -0.991804, 1.4986, -0.312393
-0.0224574, -0.643889, 0.0308536, -0.0360144, 0.0805962, -0.451939, 1.10251, -0.737854, -0.0644778, -0.991804, 1.4986, -0.312393
-0.0645516, -0.643026, 0.0858979, -0.0320077, 0.0809577, -0.493988, 1.08487, -0.779997, -0.0730887, -0.991804, 1.4986, -0.312393
-0.0955748, -0.64038, 0.129396, -0.0285595, 0.0810827, -0.525844, 1.06941, -0.814346, -0.0780731, -0.991804, 1.4986, -0.312393
-0.116845, -0.63772, 0.158417, -0.0266992, 0.0807542, -0.543823, 1.06175, -0.83208, -0.0813604, -0.991804, 1.4986, -0.312393
-0.129691, -0.63594, 0.174937, -0.0259925, 0.0803396, -0.55213, 1.05944, -0.838596, -0.0835593, -0.991804, 1.4986, -0.312393
-0.134575, -0.635183, 0.181266, -0.0256644, 0.0801812, -0.555709, 1.05828, -0.841622, -0.0844055, -0.991804, 1.4986, -0.312393
-0.129741, -0.635855, 0.174605, -0.0260234, 0.0802753, -0.552278, 1.05973, -0.838276, -0.0837881, -0.991804, 1.4986, -0.312393
-0.118788, -0.637382, 0.159656, -0.0269225, 0.0804912, -0.543621, 1.06337, -0.829828, -0.0822075, -0.991804, 1.4986, -0.312393
-0.10607, -0.639075, 0.142417, -0.0280341, 0.0807178, -0.532786, 1.0679, -0.819254, -0.0801843, -0.991804, 1.4986, -0.312393
-0.0900741, -0.640996, 0.120796, -0.029454, 0.0809404, -0.518719, 1.07374, -0.805519, -0.0774834, -0.991804, 1.4986, -0.312393
-0.0718275, -0.642879, 0.0961908, -0.0310934, 0.0810998, -0.502135, 1.08057, -0.78932, -0.0741931, -0.991804, 1.4986, -0.312393
-0.0539742, -0.644458, 0.0722269, -0.0327621, 0.0811484, -0.484837, 1.08762, -0.772415, -0.0706407, -0.991804, 1.4986, -0.312393
-0.0353883, -0.645883, 0.0474205, -0.03459, 0.0810612, -0.465349, 1.09549, -0.753359, -0.0664935, -0.991804, 1.4986, -0.312393
-0.0171956, -0.646988, 0.0231754, -0.0363956, 0.0808189, -0.445472, 1.10342, -0.733911, -0.062108, -0.991804, 1.4986, -0.312393
-0.00240751, -0.647626, 0.00344839, -0.0378434, 0.0805028, -0.429023, 1.10993, -0.71781, -0.058362, -0.991804, 1.4986, -0.312393
0.00737426, -0.647928, -0.00958986, -0.0388137, 0.0802254, -0.417715, 1.11436, -0.706735, -0.0557263, -0.991804, 1.4986, -0.312393
0.0143789, -0.648111, -0.0188968, -0.0395378, 0.0799818, -0.409113, 1.11771, -0.698309, -0.0536887, -0.991804, 1.4986, -0.312393