0,64.7337,36.2482,0,0,0,2.70791e-16,59.7096,53.9523,0,0,0,5.50293e-16,57.0654,72.5373,0,0,0,8.71391e-16,58.7714,94.4694,0,0,0,1.2135e-15,86.4837,121.009,0,0,0,10.9305,86.8962,129.92,-3.48385e-16,2.75347e-16,-5.2027e-18,16.0572,85.6385,148.173,0,0,0,21.3467,71.1789,159.189,3.60678e-18,0,0,18.0454,61.6906,156.88,0,0,0,-10.9305,86.8962,129.92,-1.70691e-16,1.42007e-16,-1.49878e-18,-15.5855,86.1675,148.109,-1.48427e-16,-2.85009e-16,-1.85916e-15,-21.12,71.7357,158.714,-2.30459e-32,8.96177e-16,1.19927e-15,-18.1268,61.6736,157.012,0,0,0,51.6124,58.2827,94.5118,6.10038e-05,-8.67571e-05,-0.000664481,107.303,139.52,156.725,3.63674e-06,2.2978e-05,0.00018593,152.367,114.177,230.878,-8.44074e-07,9.92632e-06,8.62442e-05,188.599,37.8181,299.331,-4.75949e-21,2.32972e-05,7.35179e-05,192.824,-8.10283e-07,313.051,0,0,0,-51.6124,58.2827,94.5118,-6.10477e-05,8.67892e-05,-0.000664289,-107.302,139.52,156.724,-3.57128e-06,-2.29716e-05,0.000185882,-152.366,114.177,230.877,8.63302e-07,-9.92452e-06,8.62189e-05,-188.599,37.8175,299.33,1.95878e-22,-2.32937e-05,7.34973e-05,-192.823,-3.17382e-06,313.051,0,0,0,50.6909,59.8181,71.8174,8.96284e-05,-0.000103963,-0.00147803,132.58,138.902,92.4564,-4.02123e-06,3.43423e-05,0.000405868,220.731,113.126,126.217,-2.07156e-06,-1.33273e-05,0.000240228,280.937,37.3598,146.902,-1.01657e-20,8.47942e-06,0.000126174,294.905,3.60851e-07,152.227,0,0,0,-50.6909,59.8181,71.8174,-9.08697e-05,0.000104867,-0.00147493,-132.58,138.902,92.4568,5.67581e-06,-3.42616e-05,0.000405099,-220.731,113.126,126.217,2.13778e-06,1.32881e-05,0.00023976,-280.937,37.36,146.903,1.26295e-20,-8.45869e-06,0.000125937,-294.905,3.67025e-06,152.228,0,0,0,47.0996,64.0395,45.7424,-2.59887e-06,2.65981e-05,-0.00164885,127.516,138.926,30.5036,-1.25542e-05,-4.48272e-06,0.000475317,219.951,114.111,11.7715,-1.56791e-06,-3.21512e-05,0.000288046,282.567,38.2075,-5.55203,-1.68423e-20,-3.87096e-05,0.000155055,296.585,2.4746e-06,-11.4043,0,0,0,-47.0996,64.0395,45.7424,1.53729e-06,-2.57341e-05,-0.00165225,-127.516,138.925,30.5033,1.36419e-05,4.49319e-06,0.000476302,-219.951,114.11,11.7716,1.92527e-06,3.22193e-05,0.000288632,-282.566,38.2071,-5.55182,-4.14806e-21,3.87751e-05,0.000155398,-296.585,4.56865e-06,-11.4037,0,0,0,41.2618,67.3628,29.5899,-0.000210107,0.000430356,-0.0032957,107.337,145.78,0.970948,-4.03432e-05,-8.37659e-05,0.00101373,188.998,118.345,-48.5213,-2.61793e-06,-0.000155614,0.00048211,242.259,43.2863,-95.5181,1.41749e-19,-8.89116e-05,0.000312928,254.428,-1.23204e-06,-109.833,0,0,0,-41.2618,67.3628,29.5899,0.000310465,-0.000616493,-0.00326095,-107.317,145.785,0.93645,8.66624e-05,8.40612e-05,0.00101623,-188.979,118.351,-48.5543,-0.000305831,0.000155845,0.00048339,-242.255,43.288,-95.5265,-2.04986e-18,8.91099e-05,0.00031365,-254.429,-2.43498e-06,-109.833,0,0,0,-2.87457e-16,82.3529,18.9596,1.97667e-16,-1.0115e-16,3.13275e-19,-0.887993,130.351,-45.0097,3.22059e-35,1.06844e-17,4.76449e-15,-2.05717,110.837,-146.28,0,0,0,
0,62.9194,36.2482,0,0,0,2.70791e-16,57.8954,53.9523,0,0,0,5.50293e-16,55.2512,72.5373,0,0,0,8.71391e-16,56.9571,94.4694,0,0,0,1.2135e-15,84.6695,121.009,0,0,0,10.9305,85.0819,129.92,0.000169252,0.000906895,0.0390335,16.101,85.3066,148.202,0.00376796,0.00346968,-0.029658,21.4676,71.0649,159.462,2.6898e-18,-0.012621,0.0206227,18.0454,61.6906,156.88,0,0,0,-10.9305,85.0819,129.92,-0.000691429,-0.000497472,0.0398208,-15.6022,85.8492,148.103,-0.00413081,-0.00536028,-0.0291936,-21.2386,71.653,158.97,-3.61534e-19,0.0140622,0.0188177,-18.1268,61.6736,157.012,0,0,0,51.6124,56.4684,94.5118,-0.000320409,0.000488208,0.00379635,106.917,138.448,156.093,-1.50535e-05,-0.000118294,-0.000837145,152.078,113.71,230.391,-2.33031e-07,-0.00012547,-0.000783745,188.513,37.7555,299.186,-3.0445e-20,-9.21822e-05,-0.000278945,192.824,-1.83628e-06,313.051,0,0,0,-51.6124,56.4684,94.5118,0.000320427,-0.000488244,0.00379655,-106.917,138.448,156.092,1.50485e-05,0.0001183,-0.000837193,-152.077,113.71,230.391,2.31745e-07,0.000125484,-0.000783788,-188.512,37.7549,299.186,1.6254e-20,9.21957e-05,-0.000278955,-192.823,-4.19248e-06,313.051,0,0,0,50.6909,58.0038,71.8174,-0.000128644,0.000172081,0.00307979,131.893,137.854,92.2175,-3.03797e-05,-5.21634e-05,-0.000695051,220.21,112.733,126.039,1.01849e-06,-1.53301e-05,-0.000669155,280.782,37.2939,146.849,8.67551e-21,-1.30656e-05,-0.000238787,294.905,-1.80086e-06,152.227,0,0,0,-50.6909,58.0038,71.8174,0.000128769,-0.00017225,0.00308273,-131.893,137.854,92.2177,3.04081e-05,5.22147e-05,-0.000695721,-220.21,112.733,126.039,-1.01897e-06,1.53486e-05,-0.0006698,-280.782,37.2941,146.85,1.37375e-21,1.30786e-05,-0.000239018,-294.905,1.4749e-06,152.228,0,0,0,47.0996,62.2252,45.7424,5.35142e-05,-9.9048e-05,0.00304877,126.826,137.877,30.6627,-1.79739e-05,1.96137e-05,-0.000723382,219.43,113.723,11.8987,-4.0672e-06,5.90823e-05,-0.000713039,282.413,38.1449,-5.51357,-9.56368e-21,5.26951e-05,-0.000256889,296.585,7.14989e-07,-11.4043,0,0,0,-47.0996,62.2252,45.7424,-5.34444e-05,9.8923e-05,0.00304549,-126.826,137.877,30.6621,1.79562e-05,-1.95872e-05,-0.000722602,-219.429,113.723,11.8987,4.06211e-06,-5.90144e-05,-0.00071227,-282.413,38.1445,-5.51338,1.69755e-21,-5.26341e-05,-0.000256611,-296.585,2.9212e-06,-11.4037,0,0,0,41.2618,65.5486,29.5899,0.000118212,-0.000227088,0.00152743,106.695,144.657,1.40045,-1.29895e-05,4.36056e-05,-0.000361991,188.524,117.89,-48.181,3.30728e-06,8.71658e-05,-0.000347906,242.106,43.2067,-95.4087,1.45397e-20,4.9446e-05,-0.000136164,254.428,-4.48983e-06,-109.833,0,0,0,-41.2618,65.5485,29.5899,-0.000118263,0.000227185,0.00152813,-106.695,144.657,1.40018,1.29955e-05,-4.36244e-05,-0.000362157,-188.524,117.89,-48.1809,-3.30964e-06,-8.72045e-05,-0.000348065,-242.106,43.2069,-95.4088,4.60058e-21,-4.94656e-05,-0.000136228,-254.429,-5.46668e-06,-109.833,0,0,0,-2.87457e-16,80.5386,18.9596,-7.89515e-06,-4.35622e-06,0.0041068,-0.881799,129.061,-44.6133,4.49573e-23,1.49151e-05,0.00665101,-2.05717,111.73,-146.28,0,0,0,
0,58.928,36.2482,0,0,0,2.70791e-16,53.904,53.9523,0,0,0,5.50293e-16,51.2598,72.5373,0,0,0,8.71391e-16,52.9657,94.4694,0,0,0,1.2135e-15,80.6781,121.009,0,0,0,10.9305,81.0905,129.92,0.000819811,0.00253462,0.122789,16.0748,84.4798,147.894,0.01101,0.00954147,-0.086931,21.6302,70.889,159.846,9.21316e-19,-0.0369816,0.0604077,18.0454,61.6906,156.88,0,0,0,-10.9305,81.0905,129.92,-0.00215216,-0.0016211,0.125229,-15.534,85.038,147.704,-0.012047,-0.0150063,-0.0854556,-21.4033,71.5294,159.299,-1.05524e-18,0.0411201,0.0550151,-18.1268,61.6736,157.012,0,0,0,51.6124,52.477,94.5118,-0.00113171,0.00172756,0.0134925,106.064,136.045,154.702,-5.19759e-05,-0.000408333,-0.00289048,151.432,112.658,229.31,-8.04599e-07,-0.000433217,-0.00270609,188.315,37.6105,298.859,-1.0512e-19,-0.000318284,-0.000963133,192.824,8.29822e-06,313.051,0,0,0,-51.6124,52.477,94.5118,0.00113173,-0.00172762,0.0134927,-106.063,136.045,154.701,5.1957e-05,0.000408341,-0.00289054,-151.432,112.657,229.309,8.00133e-07,0.000433252,-0.00270614,-188.314,37.6099,298.858,5.61194e-20,0.000318319,-0.000963133,-192.823,6.11176e-06,313.051,0,0,0,50.6909,54.0124,71.8174,-0.000538021,0.000721991,0.0129633,130.378,135.502,91.7034,-0.000124298,-0.00021316,-0.00284382,219.053,111.849,125.646,4.16716e-06,-6.27319e-05,-0.00273785,280.434,37.1428,146.731,3.54959e-20,-5.3458e-05,-0.000976999,294.905,8.19309e-06,152.227,0,0,0,-50.6909,54.0124,71.8174,0.000538153,-0.000722171,0.0129663,-130.378,135.502,91.7035,0.000124324,0.000213214,-0.00284449,-219.053,111.849,125.647,-4.16607e-06,6.27618e-05,-0.00273849,-280.433,37.143,146.732,5.6166e-21,5.34723e-05,-0.000977231,-294.905,1.16359e-05,152.228,0,0,0,47.0996,58.2338,45.7424,0.000230121,-0.000426259,0.0132187,125.312,135.52,31.0241,-7.59247e-05,8.30288e-05,-0.00305569,218.275,112.851,12.1864,-1.71805e-05,0.000249613,-0.003012,282.067,38.0009,-5.42662,-4.03987e-20,0.000222593,-0.00108514,296.585,2.41775e-05,-11.4043,0,0,0,-47.0996,58.2338,45.7424,-0.000230011,0.000426074,0.0132155,-125.312,135.52,31.0236,7.5913e-05,-8.29856e-05,-0.00305493,-218.274,112.85,12.1864,1.71732e-05,-0.000249534,-0.00301125,-282.066,38.0005,-5.42644,7.1767e-21,-0.00022252,-0.00108487,-296.584,2.70051e-05,-11.4037,0,0,0,41.2618,61.5572,29.5899,0.000906562,-0.00175138,0.011827,105.315,142.115,2.35227,-9.81486e-05,0.000329719,-0.00273519,187.508,116.894,-47.4365,2.49898e-05,0.00065857,-0.0026288,241.775,43.0288,-95.1658,1.09862e-19,0.000373616,-0.00102886,254.428,-1.00793e-05,-109.833,0,0,0,-41.2618,61.5571,29.5899,-0.000906587,0.00175143,0.0118277,-105.315,142.115,2.35199,9.81553e-05,-0.00032973,-0.00273535,-187.507,116.894,-47.4363,-2.49978e-05,-0.000658601,-0.00262896,-241.775,43.0291,-95.1659,3.47483e-20,-0.000373616,-0.00102893,-254.429,-1.12843e-05,-109.833,0,0,0,-2.87457e-16,76.5472,18.9596,-2.5224e-05,-2.02676e-05,0.0120985,-0.868421,126.08,-43.8298,1.72379e-22,5.72058e-05,0.025507,-2.05717,114.23,-146.28,0,0,0,
0,54.9366,36.2482,0,0,0,2.70791e-16,49.9126,53.9523,0,0,0,5.50293e-16,47.2684,72.5373,0,0,0,8.71391e-16,48.9743,94.4694,0,0,0,1.2135e-15,76.6867,121.009,0,0,0,10.9305,77.0991,129.92,0.00193932,0.00328061,0.20511,15.8719,83.5069,147.112,0.016926,0.0139451,-0.134209,21.6525,70.8472,159.946,-5.31805e-19,-0.0571022,0.0932247,18.0454,61.6906,156.88,0,0,0,-10.9305,77.0991,129.92,-0.00376406,-0.0022128,0.209037,-15.309,84.0561,146.816,-0.0184899,-0.0222944,-0.131774,-21.4331,71.5128,159.327,-1.6217e-18,0.0633741,0.0847631,-18.1269,61.6735,157.012,0,0,0,51.6124,48.4856,94.5118,-0.0019224,0.00293938,0.0230547,105.203,133.589,153.307,-8.61807e-05,-0.000676894,-0.00479272,150.769,111.56,228.208,-1.3341e-06,-0.000718315,-0.00448696,188.108,37.4555,298.52,-1.74298e-19,-0.000527745,-0.00159697,192.824,5.89445e-05,313.051,0,0,0,-51.6124,48.4856,94.5118,0.00192243,-0.00293947,0.023055,-105.202,133.589,153.307,8.61489e-05,0.000676904,-0.0047928,-150.769,111.559,228.208,1.32669e-06,0.000718369,-0.00448702,-188.107,37.455,298.519,9.30507e-20,0.000527801,-0.00159696,-192.823,5.77056e-05,313.051,0,0,0,50.6909,50.021,71.8174,-0.000936874,0.00126124,0.0227164,128.853,133.096,91.1873,-0.000211493,-0.000362272,-0.00483882,217.865,110.922,125.244,7.09043e-06,-0.000106753,-0.00465847,280.07,36.9809,146.609,6.03964e-20,-9.09591e-05,-0.00166237,294.905,6.07949e-05,152.227,0,0,0,-50.6909,50.021,71.8174,0.000937012,-0.00126143,0.0227194,-128.853,133.096,91.1875,0.000211516,0.000362329,-0.00483948,-217.865,110.922,125.245,-7.08787e-06,0.000106793,-0.00465911,-280.07,36.9811,146.61,9.55574e-21,9.09747e-05,-0.0016626,-294.905,6.42474e-05,152.228,0,0,0,47.0996,54.2424,45.7424,0.000401837,-0.000744514,0.0232547,123.785,133.111,31.3865,-0.00013001,0.000142459,-0.00523243,217.086,111.936,12.4796,-2.94191e-05,0.000427493,-0.00515763,281.704,37.8463,-5.33677,-6.9177e-20,0.00038116,-0.00185816,296.585,9.7813e-05,-11.4042,0,0,0,-47.0996,54.2424,45.7424,-0.000401688,0.000744272,0.0232515,-123.785,133.11,31.386,0.000130004,-0.0001424,-0.00523169,-217.086,111.935,12.4795,2.94098e-05,-0.000427402,-0.00515689,-281.704,37.8459,-5.33659,1.22904e-20,-0.000381076,-0.00185789,-296.584,0.00010023,-11.4036,0,0,0,41.2618,57.5658,29.5899,0.00167027,-0.00324428,0.0219917,103.926,139.52,3.30396,-0.000177943,0.000598179,-0.00495886,186.462,115.854,-46.6799,4.53064e-05,0.0011939,-0.00476605,241.428,42.8389,-94.9153,1.9918e-19,0.000677366,-0.00186532,254.428,6.66289e-06,-109.833,0,0,0,-41.2618,57.5657,29.5899,-0.00167027,0.00324427,0.0219924,-103.926,139.52,3.30367,0.00017795,-0.000598182,-0.00495902,-186.462,115.854,-46.6798,-4.53196e-05,-0.00119392,-0.00476621,-241.428,42.8392,-94.9154,6.2997e-20,-0.000677348,-0.00186541,-254.429,6.47115e-06,-109.833,0,0,0,-2.87457e-16,72.5558,18.9596,-4.17687e-05,-5.12482e-05,0.0178552,-0.855563,122.808,-43.2555,3.66979e-22,0.000121927,0.0543439,-2.05716,118.07,-146.279,0,0,0,
0,53.1224,36.2482,0,0,0,2.70791e-16,48.0983,53.9523,0,0,0,5.50293e-16,45.4541,72.5373,0,0,0,8.71391e-16,47.16,94.4694,0,0,0,1.2135e-15,74.8724,121.009,0,0,0,10.9305,75.2848,129.92,0.00259781,0.00326029,0.242303,15.7201,83.0043,146.608,0.0191895,0.0155019,-0.152468,21.617,70.8776,159.896,-1.09039e-18,-0.0648804,0.105896,18.0454,61.6906,156.88,0,0,0,-10.9305,75.2849,129.92,-0.0045786,-0.00217914,0.246831,-15.1522,83.54,146.262,-0.0209502,-0.0249527,-0.149638,-21.4014,71.5436,159.24,-1.83868e-18,0.0719558,0.0962265,-18.1268,61.6736,157.012,0,0,0,51.6124,46.6713,94.5118,-0.0022752,0.00348118,0.0273559,104.809,132.455,152.673,-0.00010083,-0.000791877,-0.00560744,150.461,111.046,227.701,-1.56087e-06,-0.00084042,-0.00524969,188.011,37.3816,298.362,-2.03927e-19,-0.000617455,-0.00186843,192.824,6.69812e-05,313.051,0,0,0,-51.6124,46.6714,94.5118,0.00227524,-0.00348129,0.0273562,-104.809,132.455,152.672,0.000100793,0.000791887,-0.00560753,-150.461,111.045,227.7,1.5522e-06,0.000840482,-0.00524976,-188.01,37.3811,298.362,1.08868e-19,0.00061752,-0.00186842,-192.823,6.45321e-05,313.051,0,0,0,50.6909,48.2068,71.8174,-0.00111473,0.00150284,0.0271056,128.157,131.985,90.9523,-0.000248905,-0.000426144,-0.0056948,217.315,110.486,125.059,8.34468e-06,-0.000125644,-0.00548254,279.901,36.9037,146.552,7.10803e-20,-0.000107049,-0.00195644,294.905,6.80277e-05,152.227,0,0,0,-50.6909,48.2068,71.8174,0.00111487,-0.00150304,0.0271085,-128.156,131.985,90.9525,0.000248927,0.000426203,-0.00569546,-217.315,110.486,125.06,-8.3415e-06,0.000125689,-0.00548317,-279.9,36.9039,146.553,1.12459e-20,0.000107066,-0.00195667,-294.905,7.09373e-05,152.228,0,0,0,47.0996,52.4281,45.7424,0.000478393,-0.000886291,0.0277714,123.088,131.998,31.5515,-0.000153316,0.000168142,-0.00617046,216.535,111.505,12.6146,-3.4693e-05,0.000504164,-0.00608224,281.534,37.7724,-5.29499,-8.15783e-20,0.000449491,-0.00219127,296.585,0.0001165,-11.4042,0,0,0,-47.0996,52.4282,45.7424,-0.000478228,0.000886022,0.0277682,-123.088,131.997,31.5509,0.000153313,-0.000168076,-0.00616973,-216.535,111.504,12.6145,3.46828e-05,-0.000504068,-0.00608151,-281.534,37.772,-5.29481,1.4494e-20,-0.000449402,-0.002191,-296.584,0.000118096,-11.4036,0,0,0,41.2618,55.7515,29.5899,0.00200959,-0.00391263,0.0265665,103.292,138.323,3.7362,-0.000212438,0.000714347,-0.00592016,185.977,115.366,-46.3323,5.40893e-05,0.0014253,-0.00569002,241.266,42.7485,-94.799,2.37793e-19,0.00080868,-0.00222693,254.428,-8.95504e-06,-109.833,0,0,0,-41.2618,55.7515,29.5899,-0.00200958,0.00391261,0.0265671,-103.292,138.323,3.73591,0.000212446,-0.000714348,-0.00592032,-185.977,115.366,-46.3322,-5.41048e-05,-0.00142532,-0.00569017,-241.266,42.7487,-94.7991,7.52091e-20,-0.000808654,-0.00222702,-254.429,-1.06405e-05,-109.833,0,0,0,-2.87457e-16,70.7415,18.9596,-4.98509e-05,-9.05871e-05,0.0187642,-0.848033,121.107,-43.1641,5.76536e-22,0.000191969,0.0855003,-2.05717,122.981,-146.28,0,0,0,
0,57.9806,36.2482,0,0,0,2.70791e-16,52.9565,53.9523,0,0,0,5.50293e-16,50.3123,72.5373,0,0,0,8.71391e-16,52.0182,94.4694,0,0,0,1.2135e-15,79.7306,121.009,0,0,0,10.9305,80.143,129.92,0.00104233,0.00280423,0.142413,16.0429,84.2633,147.75,0.0125314,0.0107208,-0.0990367,21.6482,70.8659,159.895,5.48462e-19,-0.0421316,0.0688121,18.0454,61.6906,156.88,0,0,0,-10.9305,80.1431,129.92,-0.00251472,-0.00183073,0.145225,-15.4953,84.8219,147.536,-0.0137061,-0.0169296,-0.0973277,-21.4227,71.515,159.333,-1.20091e-18,0.0468251,0.0626437,-18.1268,61.6736,157.012,0,0,0,51.6124,51.5295,94.5118,-0.00132124,0.0020177,0.0157746,105.86,135.467,154.371,-6.03413e-05,-0.000474027,-0.0033557,151.277,112.401,229.051,-9.34098e-07,-0.000502943,-0.00314163,188.266,37.5746,298.779,-1.22039e-19,-0.000369511,-0.00111815,192.824,3.78641e-05,313.051,0,0,0,-51.6124,51.5296,94.5118,0.00132126,-0.00201777,0.0157749,-105.859,135.467,154.371,6.03193e-05,0.000474035,-0.00335577,-151.276,112.401,229.05,9.28912e-07,0.000502982,-0.00314169,-188.266,37.5741,298.779,6.51517e-20,0.000369552,-0.00111815,-192.823,3.59568e-05,313.051,0,0,0,50.6909,53.065,71.8174,-0.000633648,0.000850962,0.0152905,130.017,134.935,91.581,-0.000145605,-0.000249628,-0.00333131,218.774,111.633,125.551,4.88148e-06,-7.34876e-05,-0.00320716,280.349,37.1054,146.703,4.15805e-20,-6.26217e-05,-0.00114447,294.905,3.82733e-05,152.227,0,0,0,-50.6909,53.065,71.8174,0.000633781,-0.000851144,0.0152934,-130.017,134.935,91.5812,0.00014563,0.000249683,-0.00333197,-218.773,111.633,125.552,-4.88003e-06,7.35201e-05,-0.0032078,-280.348,37.1056,146.704,6.57916e-21,6.26363e-05,-0.00114471,-294.905,4.19102e-05,152.228,0,0,0,47.0996,57.2863,45.7424,0.000271308,-0.000502606,0.0156133,124.95,134.953,31.1101,-8.91132e-05,9.74987e-05,-0.00358648,217.996,112.638,12.2555,-2.01649e-05,0.000292984,-0.0035352,281.982,37.9652,-5.40555,-4.74162e-20,0.000261259,-0.00127364,296.585,5.93114e-05,-11.4043,0,0,0,-47.0996,57.2864,45.7424,-0.000271189,0.000502408,0.0156101,-124.95,134.953,31.1095,8.91029e-05,-9.74518e-05,-0.00358572,-217.995,112.637,12.2555,2.01571e-05,-0.000292901,-0.00353445,-281.982,37.9648,-5.40537,8.42366e-21,-0.000261184,-0.00127337,-296.584,6.16747e-05,-11.4037,0,0,0,41.2618,60.6097,29.5899,0.00109003,-0.00210858,0.0142522,104.986,141.504,2.57823,-0.000117576,0.000395046,-0.00327658,187.262,116.652,-47.2579,2.99362e-05,0.000788912,-0.00314915,241.694,42.9849,-95.107,1.31608e-19,0.000447569,-0.00123251,254.428,1.40128e-05,-109.833,0,0,0,-41.2618,60.6097,29.5899,-0.00109005,0.00210862,0.0142529,-104.986,141.504,2.57795,0.000117583,-0.000395056,-0.00327674,-187.262,116.651,-47.2578,-2.99455e-05,-0.000788941,-0.0031493,-241.694,42.9851,-95.1071,4.16259e-20,-0.000447564,-0.00123259,-254.429,1.29055e-05,-109.833,0,0,0,-2.87457e-16,75.5997,18.9596,-5.03009e-05,-9.66121e-05,0.0185677,-0.847344,125.94,-43.1839,6.06513e-22,0.00020203,0.0899696,-2.05717,128.696,-146.28,0,0,0,
0,71.1672,36.2482,0,0,0,2.70791e-16,66.1431,53.9523,0,0,0,5.50293e-16,63.4989,72.5373,0,0,0,8.71391e-16,65.2048,94.4694,0,0,0,1.2135e-15,92.9172,121.009,0,0,0,10.9305,93.3296,129.92,-0.0255097,0.0112323,-0.136897,16.0542,86.9851,147.082,-0.0142263,-0.0239246,0.103052,20.4344,71.7062,157.366,4.36747e-18,0.0414234,-0.133256,18.0454,61.6907,156.88,0,0,0,-10.9305,93.3296,129.92,0.0334153,-0.0161948,-0.142361,-15.7583,87.3426,147.063,0.0118634,0.0313233,0.108817,-20.2481,72.0948,156.999,3.78549e-18,-0.0460709,-0.122117,-18.1268,61.6737,157.012,0,0,0,51.6124,64.7161,94.5118,0.00157475,-0.00222654,-0.0169157,108.668,143.196,158.987,9.66481e-05,0.000611118,0.00494117,153.407,115.832,232.616,-2.24318e-05,0.000263749,0.002292,188.89,38.0225,299.818,-1.26486e-19,0.000619138,0.00195379,192.824,8.2101e-05,313.051,0,0,0,-51.6124,64.7161,94.5118,-0.00157637,0.00222803,-0.0169154,-108.667,143.196,158.986,-9.4934e-05,-0.000611104,0.00494122,-153.407,115.831,232.615,2.2949e-05,-0.000263771,0.00229195,-188.889,38.022,299.817,5.20699e-21,-0.000619213,0.00195377,-192.823,7.91593e-05,313.051,0,0,0,50.6909,66.2516,71.8174,0.00111767,-0.00128864,-0.0180341,135.008,142.495,93.3455,-5.11828e-05,0.000436877,0.00516602,222.572,114.488,126.856,-2.63673e-05,-0.000169708,0.00305768,281.473,37.5818,147.088,-1.29391e-19,0.000107928,0.00160598,294.905,0.000104402,152.227,0,0,0,-50.6909,66.2515,71.8174,-0.00113572,0.00130288,-0.0180298,-135.007,142.496,93.3488,7.23771e-05,-0.000436561,0.00516584,-222.571,114.488,126.858,2.72608e-05,0.000169526,0.00305741,-281.472,37.582,147.089,1.61051e-19,-0.000107865,0.00160594,-294.905,0.000106527,152.228,0,0,0,47.0996,70.4729,45.7424,-2.11379e-05,0.000294587,-0.0187472,129.973,142.517,29.9777,-0.000148399,-5.37529e-05,0.00561861,221.795,115.454,11.342,-1.85338e-05,-0.00038011,0.00340492,283.094,38.417,-5.6828,-1.99088e-19,-0.000457578,0.00183287,296.585,0.000150262,-11.4042,0,0,0,-47.0996,70.4729,45.7424,8.46183e-06,-0.00028364,-0.018751,-129.974,142.517,29.9795,0.000160958,5.38429e-05,0.00561984,-221.795,115.454,11.3434,2.27159e-05,0.000380223,0.00340553,-283.094,38.4165,-5.68227,-4.89424e-20,0.000457504,0.00183353,-296.584,0.000153395,-11.4036,0,0,0,41.2618,73.7963,29.5899,-0.00134231,0.00271729,-0.0208045,109.626,149.643,-0.541023,-0.000264043,-0.000549737,0.00663472,190.673,119.914,-49.7175,-1.71343e-05,-0.00101854,0.00315539,242.788,43.5541,-95.8952,9.27748e-19,-0.000581927,0.00204811,254.428,4.90916e-05,-109.833,0,0,0,-41.2618,73.7962,29.5899,0.0020188,-0.00395246,-0.0205803,-109.492,149.674,-0.766441,0.00056728,0.000553462,0.00665193,-190.546,119.956,-49.9354,-0.00200195,0.00101479,0.00316598,-242.758,43.564,-95.9506,-1.34183e-17,0.00058331,0.00205314,-254.429,3.64605e-05,-109.833,0,0,0,-2.87457e-16,88.7863,18.9596,-4.28416e-05,-5.4466e-05,0.0181186,-0.854686,139.071,-43.229,3.85271e-22,0.000128023,0.0570584,-2.05716,134.947,-146.279,0,0,0,
0,90.6,36.2482,0,0,0,2.70791e-16,85.5759,53.9523,0,0,0,5.50293e-16,82.9317,72.5373,0,0,0,8.71391e-16,84.6376,94.4694,0,0,0,1.2135e-15,112.35,121.009,0,0,0,10.9305,112.762,129.92,-0.105029,0.0538924,-0.500884,13.2537,96.08,138.713,-0.0523104,-0.11163,0.396598,15.5692,79.472,147.501,5.99946e-18,0.167459,-0.51857,16.8291,70.4214,152.271,0,0,0,-10.9305,112.762,129.92,0.13793,-0.0803481,-0.510654,-13.2509,96.2898,138.655,0.0428333,0.137617,0.414278,-15.5661,79.8561,147.37,1.33648e-17,-0.182768,-0.470318,-16.879,70.5323,152.315,0,0,0,51.6124,84.1489,94.5118,0.00662984,-0.00920784,-0.0680881,112.576,153.402,165.637,0.000437406,0.00277406,0.0223652,156.228,120.186,237.491,-0.000101534,0.00119306,0.0103748,189.605,38.5047,301.079,-5.72524e-19,0.00280256,0.00884382,192.824,4.79737e-05,313.051,0,0,0,-51.6124,84.149,94.5118,-0.00663738,0.00921496,-0.068087,-112.574,153.402,165.638,-0.000429652,-0.00277388,0.0223657,-156.227,120.186,237.491,0.000103876,-0.00119315,0.0103747,-189.604,38.5042,301.079,2.35689e-20,-0.00280292,0.00884379,-192.823,4.78286e-05,313.051,0,0,0,50.6909,85.6844,71.8174,0.00462778,-0.00525324,-0.0700856,142.026,152.465,95.9846,-0.000223299,0.00190258,0.0225422,227.585,117.986,128.63,-0.000115047,-0.000741724,0.0133421,282.843,38.1064,147.576,-5.64588e-19,0.000470947,0.00700767,294.905,5.04231e-05,152.227,0,0,0,-50.6909,85.6844,71.8174,-0.00470834,0.00531899,-0.0700768,-142.022,152.466,95.9981,0.000315802,-0.00189981,0.0225442,-227.582,117.986,128.638,0.00011896,0.000741057,0.0133425,-282.842,38.1066,147.579,7.02816e-19,-0.000470726,0.00700833,-294.905,5.08311e-05,152.228,0,0,0,47.0996,89.9058,45.7424,9.38854e-07,0.00106355,-0.0725359,137.063,152.475,28.4613,-0.000639301,-0.000243518,0.0242092,226.772,118.889,10.1559,-7.98526e-05,-0.00163877,0.014671,284.415,38.9044,-6.02754,-8.5781e-19,-0.00197162,0.00789742,296.585,5.19256e-05,-11.4043,0,0,0,-47.0996,89.9058,45.7424,-5.68067e-05,-0.00101414,-0.0725413,-137.065,152.475,28.4706,0.000693312,0.000244879,0.0242112,-226.773,118.888,10.162,9.78582e-05,0.00163924,0.0146716,-284.415,38.9038,-6.02585,-2.10849e-19,0.00197104,0.00789922,-296.585,5.50732e-05,-11.4037,0,0,0,41.2618,93.2291,29.5899,-0.00511209,0.00995881,-0.075882,116.279,160.384,-5.00589,-0.00106396,-0.00223731,0.0267389,195.235,124.012,-53.1063,-6.90545e-05,-0.00410592,0.0127174,244.133,44.1983,-96.9012,3.73912e-18,-0.00234543,0.00825475,254.428,5.04766e-05,-109.833,0,0,0,-41.2618,93.2291,29.5899,0.00810206,-0.0151303,-0.0749749,-115.74,160.507,-5.92051,0.00228543,0.00227658,0.0268012,-194.732,124.173,-53.9916,-0.00806673,0.00401194,0.0127826,-244.01,44.2363,-97.1315,-5.40698e-17,0.00235056,0.00827345,-254.429,4.97824e-05,-109.833,0,0,0,-2.87457e-16,108.219,18.9596,-1.36502e-05,-8.53025e-06,0.00692784,-0.877328,157.099,-44.3386,8.22271e-23,2.72811e-05,0.0121651,-2.05717,141.466,-146.28,0,0,0,
0,114.197,36.2482,0,0,0,2.70791e-16,109.173,53.9523,0,0,0,5.50293e-16,106.529,72.5373,0,0,0,8.71391e-16,108.235,94.4694,0,0,0,1.2135e-15,135.947,121.009,0,0,0,10.9305,136.359,129.92,-0.0922415,0.0568027,-0.572028,12.6266,118.556,136.336,-0.0523104,-0.11163,0.396598,14.317,100.826,142.757,5.99946e-18,0.167459,-0.51857,15.2367,91.1672,146.237,0,0,0,-10.9305,136.359,129.92,0.125777,-0.0852586,-0.582074,-12.6256,118.768,136.301,0.0428333,0.137617,0.414278,-14.3169,101.219,142.668,1.33648e-17,-0.182768,-0.470318,-15.2758,91.262,146.279,0,0,0,51.6124,107.746,94.5118,0.0138618,-0.0188686,-0.134192,116.684,163.988,173.086,0.000974042,0.00621041,0.0498346,158.853,124.249,242.471,-0.000226221,0.00265587,0.0231192,190.107,38.8585,302.145,-1.27564e-18,0.00624542,0.0197073,192.824,7.79233e-05,313.051,0,0,0,-51.6124,107.746,94.5118,-0.0138791,0.0188852,-0.13419,-116.681,163.989,173.087,-0.000956775,-0.00620955,0.0498357,-158.851,124.249,242.471,0.000231439,-0.002656,0.0231188,-190.106,38.858,302.145,5.25141e-20,-0.00624623,0.0197072,-192.823,7.7231e-05,313.051,0,0,0,50.6909,109.281,71.8174,0.00973079,-0.010904,-0.137203,149.604,162.796,98.9908,-0.000493347,0.00419417,0.049838,232.357,121.08,130.398,-0.000254289,-0.00164412,0.0294967,283.952,38.4889,148.003,-1.24812e-18,0.00104121,0.0154927,294.905,7.98894e-05,152.227,0,0,0,-50.6909,109.281,71.8174,-0.00991216,0.0110565,-0.137188,-149.595,162.798,99.0193,0.000697727,-0.00418253,0.0498435,-232.352,121.08,130.415,0.000262941,0.0016428,0.029498,-283.95,38.4892,148.008,1.55372e-18,-0.00104074,0.0154944,-294.905,8.9407e-05,152.228,0,0,0,47.0996,113.503,45.7424,0.000125562,0.00197715,-0.142012,144.671,162.781,26.811,-0.00140205,-0.000575234,0.0531324,231.391,121.888,8.96878,-0.000175207,-0.00360023,0.0321986,285.404,39.2415,-6.33803,-1.88251e-18,-0.00432736,0.0173328,296.585,8.66163e-05,-11.4043,0,0,0,-47.0996,113.503,45.7424,-0.00025157,-0.00186368,-0.142019,-144.675,162.78,26.8311,0.00152046,0.000581639,0.0531355,-231.393,121.887,8.98192,0.000214708,0.00360187,0.0321991,-285.404,39.2408,-6.33451,-4.62709e-19,0.00432597,0.0173363,-296.585,8.98316e-05,-11.4037,0,0,0,41.2618,116.826,29.5899,-0.0105517,0.0195899,-0.146931,123.514,171.558,-10.076,-0.00228994,-0.00489233,0.0575941,199.557,127.774,-56.6712,-0.000148722,-0.00884786,0.0273948,245.191,44.6908,-97.8279,8.05395e-18,-0.00505265,0.0177821,254.428,7.82362e-05,-109.833,0,0,0,-41.2618,116.826,29.5899,0.0177947,-0.0312248,-0.144985,-122.378,171.8,-12.0317,0.00491749,0.00505704,0.0577051,-198.502,128.091,-58.5636,-0.0173684,0.00838462,0.0276086,-244.921,44.7675,-98.3349,-1.16432e-16,0.0050623,0.0178174,-254.429,7.49241e-05,-109.833,0,0,0,-2.87457e-16,131.816,18.9596,1.99365e-05,-6.37501e-06,-0.0238655,-0.917826,176.708,-47.2268,-1.58614e-21,-1.78739e-05,-0.0220691,-2.05717,147.984,-146.28,0,0,0,
0,139.876,36.2482,0,0,0,2.70791e-16,134.852,53.9523,0,0,0,5.50293e-16,132.208,72.5373,0,0,0,8.71391e-16,133.914,94.4694,0,0,0,1.2135e-15,161.626,121.009,0,0,0,10.9305,162.039,129.92,-0.0848679,0.0580507,-0.615217,12.2286,143.729,134.827,-0.0523104,-0.11163,0.396598,13.5222,125.493,139.745,5.99946e-18,0.167459,-0.51857,14.226,115.559,142.407,0,0,0,-10.9305,162.039,129.92,0.118516,-0.0876831,-0.625476,-12.2282,143.942,134.805,0.0428333,0.137617,0.414278,-13.523,125.888,139.679,1.33648e-17,-0.182768,-0.470318,-14.257,115.645,142.443,0,0,0,51.6124,133.425,94.5118,0.0233356,-0.0312424,-0.211018,120.013,173.284,179.975,0.00171876,0.0110538,0.0880871,160.472,127.248,246.425,-0.000399744,0.00468864,0.0408693,190.133,39,302.655,-2.25431e-18,0.0110417,0.0348376,192.824,0.000213843,313.051,0,0,0,-51.6124,133.425,94.5118,-0.0233671,0.0312729,-0.211014,-120.009,173.284,179.978,-0.00168829,-0.0110512,0.0880891,-160.469,127.249,246.427,0.000408964,-0.00468872,0.0408687,-190.132,38.9995,302.655,9.28025e-20,-0.0110432,0.0348375,-192.823,0.000204396,313.051,0,0,0,50.6909,134.961,71.8174,0.0163698,-0.0182464,-0.21516,156.158,171.857,101.839,-0.000867525,0.00736165,0.0877949,235.574,123.126,131.723,-0.000447667,-0.00290712,0.0519592,284.373,38.6308,148.23,-2.19825e-18,0.00183429,0.0272911,294.905,0.000248965,152.227,0,0,0,-50.6909,134.961,71.8174,-0.0166946,0.0185264,-0.215134,-156.144,171.86,101.885,0.00122691,-0.00732745,0.0878056,-235.566,123.126,131.75,0.000462896,0.00290514,0.0519612,-284.371,38.6312,148.238,2.73647e-18,-0.00183345,0.0272939,-294.905,0.000251256,152.228,0,0,0,47.0996,139.182,45.7424,0.000240571,0.00311472,-0.223006,151.152,171.785,25.3225,-0.00245412,-0.00110829,0.0931833,234.268,123.788,8.02989,-0.000307057,-0.00632385,0.0564698,285.609,39.3246,-6.53406,-3.30084e-18,-0.00759018,0.0303987,296.585,0.000383461,-11.4042,0,0,0,-47.0996,139.182,45.7424,-0.000467819,-0.00290742,-0.223016,-151.159,171.783,25.3555,0.00266136,0.00112784,0.0931876,-234.272,123.787,8.05166,0.00037628,0.00632833,0.0564699,-285.61,39.3237,-6.52814,-8.11316e-19,0.00758765,0.0304045,-296.584,0.000382147,-11.4036,0,0,0,41.2618,142.505,29.5899,-0.0178502,0.0315783,-0.229424,129.8,181.416,-14.9207,-0.00395673,-0.0086487,0.0997245,202.385,130.473,-59.7201,-0.000257406,-0.0153312,0.0474403,245.518,44.9149,-98.4314,1.39442e-17,-0.0087508,0.0307942,254.428,0.000237876,-109.833,0,0,0,-41.2618,142.505,29.5899,0.0320999,-0.0526407,-0.226097,-127.915,181.776,-18.1936,0.00849371,0.00912309,0.0998638,-200.645,130.944,-62.8826,-0.0300502,0.0139118,0.0479805,-245.052,45.0332,-99.3047,-2.01512e-16,0.00876437,0.0308444,-254.429,0.000221894,-109.833,0,0,0,-2.87457e-16,157.495,18.9596,8.06187e-05,-4.46758e-05,-0.0768366,-0.973361,195.136,-51.6023,-2.28996e-21,-2.5812e-05,-0.0318675,-2.05717,154.235,-146.28,0,0,0,
0,165.555,36.2482,0,0,0,2.70791e-16,160.531,53.9523,0,0,0,5.50293e-16,157.887,72.5373,0,0,0,8.71391e-16,159.593,94.4694,0,0,0,1.2135e-15,187.305,121.009,0,0,0,10.9305,187.718,129.92,-0.0804558,0.0586314,-0.641874,11.978,169.163,133.878,-0.0523104,-0.11163,0.396598,13.0218,150.682,137.849,5.99946e-18,0.167459,-0.51857,13.5896,140.616,139.996,0,0,0,-10.9305,187.718,129.92,0.114073,-0.0889694,-0.65228,-11.9778,169.377,133.862,0.0428333,0.137617,0.414278,-13.0228,151.078,137.796,1.33648e-17,-0.182768,-0.470318,-13.6151,140.697,140.027,0,0,0,51.6124,159.104,94.5118,0.034874,-0.0462965,-0.293649,121.743,180.25,185.099,0.00264963,0.0172625,0.136283,160.51,128.794,248.511,-0.000618031,0.00724365,0.0632384,189.525,38.8826,302.394,-3.48589e-18,0.0170895,0.0539052,192.824,0.000118586,313.051,0,0,0,-51.6124,159.104,94.5118,-0.0349242,0.0463451,-0.293643,-121.736,180.251,185.103,-0.00260266,-0.017256,0.136287,-160.506,128.794,248.513,0.000632285,-0.00724345,0.0632375,-189.523,38.8822,302.394,1.43503e-19,-0.0170917,0.0539051,-192.823,0.000112601,313.051,0,0,0,50.6909,160.64,71.8174,0.0242074,-0.0271247,-0.299138,160.346,178.625,104.039,-0.00133567,0.0113314,0.135668,236.327,123.813,132.277,-0.000690867,-0.00451448,0.0802864,283.853,38.4785,148.169,-3.39556e-18,0.00283484,0.0421702,294.905,0.000123837,152.227,0,0,0,-50.6909,160.64,71.8174,-0.0247151,0.0275718,-0.2991,-160.327,178.628,104.102,0.00188897,-0.0112518,0.135685,-236.316,123.814,132.314,0.000714364,0.00451205,0.0802887,-283.85,38.4789,148.179,4.22689e-18,-0.00283351,0.0421742,-294.905,0.000132613,152.228,0,0,0,47.0996,164.861,45.7424,7.92952e-05,0.0047159,-0.310902,155.084,178.417,24.2341,-0.00377245,-0.00190559,0.143816,234.425,124.234,7.5009,-0.000473203,-0.0097819,0.0871543,284.752,39.0799,-6.57326,-5.09219e-18,-0.0117171,0.0469178,296.585,0.000124444,-11.4043,0,0,0,-47.0996,164.861,45.7424,-0.000438436,-0.00438527,-0.310915,-155.093,178.415,24.2795,0.00409098,0.001952,0.143822,-234.431,124.232,7.53129,0.000579878,0.00979203,0.0871534,-284.753,39.0787,-6.56476,-1.2516e-18,0.0117131,0.0469264,-296.585,0.000110364,-11.4037,0,0,0,41.2618,168.184,29.5899,-0.0270605,0.0460171,-0.318193,133.808,188.868,-18.8005,-0.00601013,-0.0135413,0.152131,202.829,131.747,-61.7418,-0.000392309,-0.0234133,0.0723834,244.842,44.809,-98.5643,2.12659e-17,-0.0133545,0.0469857,254.428,0.000119014,-109.833,0,0,0,-41.2618,168.184,29.5899,0.0515959,-0.0795021,-0.313183,-131.127,189.3,-23.4449,0.0128963,0.0146237,0.152247,-200.363,132.317,-66.2212,-0.0457803,0.0200746,0.0735222,-244.155,44.9586,-99.8376,-3.07196e-16,0.0133698,0.047043,-254.429,9.86451e-05,-109.833,0,0,0,-2.87457e-16,183.174,18.9596,0.000180809,-0.000120963,-0.148812,-1.02937,210.302,-56.2717,-7.92107e-22,-8.92449e-06,-0.0110198,-2.05717,159.95,-146.28,0,0,0,
0,189.152,36.2482,0,0,0,2.70791e-16,184.128,53.9523,0,0,0,5.50293e-16,181.484,72.5373,0,0,0,8.71391e-16,183.19,94.4694,0,0,0,1.2135e-15,210.902,121.009,0,0,0,10.9305,211.315,129.92,-0.0777347,0.0589233,-0.658635,11.8188,192.634,133.274,-0.0523104,-0.11163,0.396598,12.7041,174.026,136.646,5.99946e-18,0.167459,-0.51857,13.1856,163.891,138.465,0,0,0,-10.9305,211.315,129.92,0.111293,-0.0896956,-0.669139,-11.8187,192.847,133.263,0.0428333,0.137617,0.414278,-12.7051,174.422,136.6,1.33648e-17,-0.182768,-0.470318,-13.2074,163.969,138.492,0,0,0,51.6124,182.701,94.5118,0.0478988,-0.0636636,-0.376604,121.481,184.421,187.715,0.00370458,0.024567,0.191719,158.817,128.761,248.376,-0.00086836,0.0101754,0.0889739,188.286,38.452,301.34,-4.89919e-18,0.0240548,0.0758432,192.824,-3.88341e-05,313.051,0,0,0,-51.6124,182.701,94.5118,-0.047971,0.0637338,-0.376596,-121.474,184.422,187.72,-0.0036389,-0.0245542,0.191724,-158.812,128.761,248.379,0.000888387,-0.0101746,0.0889727,-188.284,38.4516,301.341,2.01684e-19,-0.0240579,0.0758429,-192.823,-4.51118e-05,313.051,0,0,0,50.6909,184.237,71.8174,0.0326053,-0.0371274,-0.38386,161.437,182.61,105.264,-0.0018684,0.0158929,0.19096,234.339,123.035,131.924,-0.00097031,-0.00639249,0.112999,282.367,37.9786,147.797,-4.77635e-18,0.0039911,0.0593532,294.905,-4.3353e-05,152.227,0,0,0,-50.6909,184.237,71.8174,-0.0333229,0.0377706,-0.383807,-161.414,182.614,105.34,0.00264236,-0.0157373,0.190987,-234.326,123.036,131.97,0.0010033,0.00639007,0.113001,-282.363,37.979,147.81,5.94568e-18,-0.00398919,0.0593582,-294.905,-2.47692e-05,152.228,0,0,0,47.0996,188.458,45.7424,-0.000703967,0.00708815,-0.400824,155.636,182.1,23.6904,-0.00528737,-0.00301318,0.202969,231.519,123.034,7.44357,-0.000666143,-0.0138468,0.123003,282.789,38.415,-6.4507,-7.18123e-18,-0.0165428,0.0662182,296.585,-2.94423e-05,-11.4043,0,0,0,-47.0996,188.458,45.7424,0.000189285,-0.00661087,-0.400841,-155.647,182.098,23.7447,0.00573379,0.00310545,0.202975,-231.526,123.032,7.48034,0.000816309,0.0138665,0.123001,-282.791,38.4138,-6.44008,-1.76506e-18,0.0165371,0.0662301,-296.585,-2.78711e-05,-11.4037,0,0,0,41.2618,191.781,29.5899,-0.0379067,0.0628157,-0.407601,134.8,193.411,-21.225,-0.00831641,-0.0194484,0.212044,200.609,131.469,-62.4944,-0.000545914,-0.0326826,0.100912,243.137,44.3148,-98.1956,2.96243e-17,-0.0186238,0.065504,254.428,-3.53689e-05,-109.833,0,0,0,-41.2618,191.781,29.5899,0.0757098,-0.111078,-0.400591,-131.436,193.831,-26.9673,0.0178375,0.0215284,0.212061,-197.522,132.043,-68.0226,-0.0636788,0.0261554,0.102987,-242.246,44.4725,-99.8077,-4.27761e-16,0.0186375,0.0655571,-254.429,-3.71655e-05,-109.833,0,0,0,-2.87457e-16,206.771,18.9596,0.000289387,-0.000254821,-0.232602,-1.06298,220.969,-59.7424,2.71445e-22,9.01256e-05,0.0401788,-2.05717,164.861,-146.28,0,0,0,
0,208.585,36.2482,0,0,0,2.70791e-16,203.561,53.9523,0,0,0,5.50293e-16,200.917,72.5373,0,0,0,8.71391e-16,202.623,94.4694,0,0,0,1.2135e-15,230.335,121.009,0,0,0,10.9305,230.748,129.92,-0.0760668,0.0590762,-0.669034,11.7196,211.998,132.898,-0.0523104,-0.11163,0.396598,12.506,193.322,135.895,5.99946e-18,0.167459,-0.51857,12.9337,183.15,137.51,0,0,0,-10.9305,230.748,129.92,0.109574,-0.090114,-0.6796,-11.7196,212.211,132.89,0.0428333,0.137617,0.414278,-12.507,193.719,135.854,1.33648e-17,-0.182768,-0.470318,-12.9531,183.227,137.535,0,0,0,51.6124,202.134,94.5118,0.0611706,-0.0820544,-0.453071,119.469,185.829,187.791,0.00476988,0.0323201,0.249,155.791,127.274,246.303,-0.00112583,0.0131989,0.115573,186.622,37.6787,299.703,-6.3543e-18,0.0312653,0.0985191,192.824,0.000140587,313.051,0,0,0,-51.6124,202.134,94.5118,-0.0612655,0.0821468,-0.45306,-119.461,185.83,187.797,-0.00468531,-0.0322986,0.249008,-155.785,127.274,246.307,0.0011518,-0.0131971,0.115572,-186.62,37.6783,299.704,2.61586e-19,-0.0312693,0.0985187,-192.823,0.0001394,313.051,0,0,0,50.6909,203.669,71.8174,0.0406275,-0.0473921,-0.462736,159.592,183.798,105.457,-0.00241113,0.0206365,0.248603,230.133,120.891,130.785,-0.00125934,-0.00837686,0.147096,280.177,37.1061,147.182,-6.21256e-18,0.00519758,0.0772638,294.905,0.000240939,152.227,0,0,0,-50.6909,203.669,71.8174,-0.0415583,0.0482391,-0.462666,-159.567,183.801,105.539,0.00340987,-0.0203749,0.248639,-230.119,120.892,130.834,0.00130214,0.00837508,0.147097,-280.172,37.1063,147.196,7.73341e-18,-0.00519504,0.0772695,-294.905,0.000231401,152.228,0,0,0,47.0996,207.891,45.7424,-0.00233067,0.0103748,-0.48681,152.865,182.674,23.7244,-0.00686739,-0.00441187,0.266313,226.005,120.156,7.82353,-0.000870809,-0.0182353,0.161394,279.968,37.2481,-6.19558,-9.41201e-18,-0.0217175,0.0868887,296.584,0.000920681,-11.4041,0,0,0,-47.0996,207.891,45.7424,0.00165221,-0.00974181,-0.486831,-152.876,182.671,23.7811,0.00744717,0.00457056,0.266319,-226.012,120.153,7.86238,0.00106711,0.0182686,0.161389,-279.969,37.2468,-6.18398,-2.31335e-18,0.0217099,0.086904,-296.583,0.000922253,-11.4035,0,0,0,41.2618,211.214,29.5899,-0.0494602,0.0810064,-0.49067,132.936,195.034,-22.0658,-0.0106385,-0.0259328,0.274041,196.24,129.733,-62.0541,-0.000703883,-0.0423156,0.130451,240.687,43.4045,-97.4246,3.82537e-17,-0.0240854,0.0846763,254.428,0.000229319,-109.833,0,0,0,-41.2618,211.214,29.5899,0.101882,-0.144705,-0.481303,-129.171,195.36,-28.3314,0.0228099,0.0293851,0.273885,-192.789,130.217,-68.0773,-0.0820758,0.0313671,0.133765,-239.663,43.5437,-99.2179,-5.5217e-16,0.0240945,0.0847149,-254.429,0.000243033,-109.833,0,0,0,-2.87457e-16,226.204,18.9596,0.000417457,-0.000445204,-0.318617,-1.06175,226.719,-61.0112,7.74448e-22,0.000258636,0.115079,-2.05717,168.701,-146.28,0,0,0,
0,221.772,36.2482,0,0,0,2.70791e-16,216.748,53.9523,0,0,0,5.50293e-16,214.103,72.5373,0,0,0,8.71391e-16,215.809,94.4694,0,0,0,1.2135e-15,243.522,121.009,0,0,0,10.9305,243.934,129.92,-0.0751392,0.0591524,-0.674859,11.6639,225.15,132.687,-0.0523104,-0.11163,0.396598,12.3947,206.439,135.474,5.99946e-18,0.167459,-0.51857,12.7922,196.249,136.974,0,0,0,-10.9305,243.934,129.92,0.108613,-0.0903375,-0.68546,-11.6639,225.363,132.68,0.0428333,0.137617,0.414278,-12.3957,206.836,135.435,1.33648e-17,-0.182768,-0.470318,-12.8103,196.325,136.997,0,0,0,51.6124,215.321,94.5118,0.0722539,-0.0980994,-0.512366,116.779,185.23,186.268,0.00564746,0.0390736,0.297555,152.546,125.025,243.433,-0.00134286,0.0157586,0.138126,185.02,36.7338,298.017,-7.58233e-18,0.0373907,0.117747,192.824,9.27523e-07,313.051,0,0,0,-51.6124,215.321,94.5118,-0.0723677,0.0982105,-0.512353,-116.77,185.231,186.274,-0.00554733,-0.0390429,0.297564,-152.54,125.026,243.437,0.00137383,-0.0157558,0.138124,-185.017,36.7334,298.018,3.1214e-19,-0.0373955,0.117747,-192.823,-1.16947e-05,313.051,0,0,0,50.6909,216.856,71.8174,0.0469285,-0.0561252,-0.524923,156.219,182.914,104.948,-0.00286508,0.0247236,0.298229,225.317,118.069,129.349,-0.00150579,-0.0101087,0.176447,277.949,36.0439,146.524,-7.44569e-18,0.00623747,0.0926817,294.905,3.06556e-06,152.227,0,0,0,-50.6909,216.856,71.8174,-0.0480357,0.0571437,-0.524837,-156.195,182.917,105.027,0.00405182,-0.0243488,0.298275,-225.302,118.07,129.397,0.00155695,0.0101079,0.176446,-277.944,36.0442,146.538,9.26832e-18,-0.00623435,0.0926876,-294.905,-1.62618e-05,152.228,0,0,0,47.0996,221.077,45.7424,-0.00450181,0.0140547,-0.55808,148.18,180.767,24.1861,-0.00825311,-0.00587492,0.323844,219.571,116.215,8.45897,-0.00105443,-0.0222581,0.196264,277.009,35.7343,-5.88911,-1.14308e-17,-0.0264256,0.105665,296.585,4.33416e-06,-11.4043,0,0,0,-47.0996,221.077,45.7424,0.00368048,-0.0132855,-0.558106,-148.19,180.764,24.2386,0.00894987,0.00610945,0.32385,-219.577,116.213,8.49528,0.00129212,0.022307,0.196256,-277.01,35.7329,-5.87789,-2.80953e-18,0.0264163,0.105684,-296.585,-2.34949e-05,-11.4037,0,0,0,41.2618,224.401,29.5899,-0.0595229,0.0973688,-0.556008,129.609,194.459,-21.7192,-0.0125603,-0.0318035,0.327142,191.332,127.206,-60.9358,-0.000838157,-0.0506058,0.155767,238.219,42.2759,-96.5392,4.56239e-17,-0.0287721,0.101106,254.428,-1.33769e-05,-109.833,0,0,0,-41.2618,224.401,29.5899,0.12455,-0.173912,-0.544236,-125.792,194.666,-27.8975,0.0269238,0.0367071,0.326786,-187.834,127.566,-66.8703,-0.0977083,0.0349586,0.160352,-237.163,42.3831,-98.3315,-6.58392e-16,0.028776,0.101127,-254.429,-1.75026e-05,-109.833,0,0,0,-2.87457e-16,239.391,18.9596,0.000565115,-0.000661052,-0.39324,-1.03234,228.008,-60.199,1.31289e-21,0.000444126,0.196773,-2.05716,171.202,-146.279,0,0,0,
0,226.63,36.2482,0,0,0,2.70791e-16,221.606,53.9523,0,0,0,5.50293e-16,218.962,72.5373,0,0,0,8.71391e-16,220.667,94.4694,0,0,0,1.2135e-15,248.38,121.009,0,0,0,10.9305,248.792,129.92,-0.0748307,0.0591764,-0.676803,11.6453,229.998,132.617,-0.0523104,-0.11163,0.396598,12.3575,211.275,135.333,5.99946e-18,0.167459,-0.51857,12.7449,201.079,136.795,0,0,0,-10.9305,248.792,129.92,0.108293,-0.0904104,-0.687416,-11.6452,230.21,132.61,0.0428333,0.137617,0.414278,-12.3586,211.672,135.295,1.33648e-17,-0.182768,-0.470318,-12.7626,201.155,136.817,0,0,0,51.6124,220.179,94.5118,0.0769936,-0.105178,-0.536731,115.401,184.522,185.237,0.00601894,0.0420539,0.31858,151.003,123.784,241.939,-0.00143643,0.0168665,0.147893,184.29,36.2349,297.224,-8.11229e-18,0.0400476,0.126076,192.824,2.56055e-06,313.051,0,0,0,-51.6124,220.179,94.5118,-0.0771154,0.105297,-0.536716,-115.392,184.523,185.242,-0.00591223,-0.0420187,0.31859,-150.997,123.784,241.942,0.00146956,-0.0168632,0.147892,-184.288,36.2346,297.225,3.33957e-19,-0.0400528,0.126075,-192.823,6.02437e-06,313.051,0,0,0,50.6909,221.714,71.8174,0.0495252,-0.059942,-0.550932,154.319,182.029,104.561,-0.00306046,0.0265281,0.320092,222.934,116.544,128.612,-0.00161353,-0.0108789,0.189375,276.897,35.4777,146.206,-7.98778e-18,0.00669598,0.0994732,294.905,-1.13244e-05,152.227,0,0,0,-50.6909,221.714,71.8174,-0.0507074,0.0610342,-0.550839,-154.296,182.031,104.637,0.0043281,-0.0260971,0.320142,-222.92,116.545,128.659,0.00166835,0.0108787,0.189374,-276.893,35.4779,146.22,9.94307e-18,-0.00669261,0.0994791,-294.905,9.46181e-06,152.228,0,0,0,47.0996,225.936,45.7424,-0.0057374,0.0160083,-0.589835,145.423,179.145,24.5268,-0.00888709,-0.00662904,0.350972,216.206,113.918,8.83828,-0.00114013,-0.0241688,0.212707,275.532,34.8582,-5.72545,-1.23799e-17,-0.0286488,0.11452,296.585,5.06106e-05,-11.4043,0,0,0,-47.0996,225.936,45.7424,0.0048514,-0.0151777,-0.589863,-145.432,179.142,24.5751,0.00963737,0.00690447,0.350978,-216.212,113.916,8.87188,0.00139714,0.0242261,0.212699,-275.533,34.8568,-5.71488,-3.0428e-18,0.0286388,0.11454,-296.585,7.17743e-05,-11.4037,0,0,0,41.2618,229.259,29.5899,-0.0639592,0.104783,-0.583282,127.748,193.699,-21.3002,-0.0133813,-0.0344782,0.350464,188.923,125.802,-60.2662,-0.000896779,-0.0542601,0.166891,237.06,41.6704,-96.0985,4.88536e-17,-0.0308336,0.108325,254.428,1.29209e-07,-109.833,0,0,0,-41.2618,229.259,29.5899,0.134412,-0.186724,-0.570313,-124.004,193.849,-27.2793,0.0286812,0.0400999,0.350008,-185.491,126.099,-66.0079,-0.104532,0.0362818,0.172094,-236.017,41.7607,-97.8421,-7.04938e-16,0.0308349,0.108338,-254.429,-3.83502e-06,-109.833,0,0,0,-2.87457e-16,244.249,18.9596,0.000649924,-0.000781965,-0.428111,-1.00987,227.377,-59.2135,1.59385e-21,0.000544426,0.240443,-2.05717,172.094,-146.28,0,0,0,
0,222.589,36.2482,0,0,0,2.70791e-16,217.565,53.9523,0,0,0,5.50293e-16,214.92,72.5373,0,0,0,8.71391e-16,216.626,94.4694,0,0,0,1.2135e-15,244.339,121.009,0,0,0,10.9305,244.751,129.92,-0.0750862,0.0591566,-0.675193,11.6607,225.966,132.675,-0.0523104,-0.11163,0.396598,12.3883,207.252,135.449,5.99946e-18,0.167459,-0.51857,12.7841,197.061,136.943,0,0,0,-10.9305,244.751,129.92,0.108558,-0.0903501,-0.685796,-11.6607,226.178,132.668,0.0428333,0.137617,0.414278,-12.3893,207.649,135.411,1.33648e-17,-0.182768,-0.470318,-12.8021,197.137,136.966,0,0,0,51.6124,216.138,94.5118,0.0730208,-0.0992355,-0.516345,116.564,185.134,186.116,0.00570772,0.0395517,0.300944,152.302,124.836,243.202,-0.00135796,0.0159372,0.1397,184.903,36.6572,297.892,-7.66785e-18,0.0378188,0.11909,192.824,1.00689e-05,313.051,0,0,0,-51.6124,216.138,94.5118,-0.0731359,0.0993478,-0.516331,-116.556,185.134,186.122,-0.00560653,-0.0395203,0.300954,-152.296,124.836,243.205,0.00138928,-0.0159344,0.139699,-184.901,36.6568,297.892,3.1566e-19,-0.0378237,0.119089,-192.823,-1.25212e-05,313.051,0,0,0,50.6909,217.673,71.8174,0.0473523,-0.0567385,-0.529146,155.93,182.792,104.892,-0.00289661,0.0250127,0.301735,224.944,117.836,129.235,-0.0015231,-0.0102319,0.17852,277.783,35.9573,146.474,-7.53266e-18,0.00631097,0.0937707,294.905,-1.6989e-05,152.227,0,0,0,-50.6909,217.673,71.8174,-0.0484716,0.0577689,-0.52906,-155.906,182.794,104.971,0.00409641,-0.0246292,0.301781,-224.93,117.837,129.283,0.00157485,0.0102312,0.178519,-277.778,35.9576,146.488,9.37658e-18,-0.00630781,0.0937766,-294.905,-1.86702e-05,152.228,0,0,0,47.0996,221.895,45.7424,-0.00468678,0.0143518,-0.563127,147.769,180.543,24.2345,-0.00835328,-0.00599029,0.328092,219.056,115.874,8.51522,-0.00106789,-0.0225568,0.198839,276.78,35.6042,-5.8642,-1.15796e-17,-0.0267736,0.107052,296.585,3.13187e-06,-11.4043,0,0,0,-47.0996,221.895,45.7424,0.00385519,-0.0135728,-0.563153,-147.779,180.54,24.2864,0.00905849,0.00623102,0.328098,-219.062,115.872,8.55116,0.00130862,0.0226069,0.198831,-276.781,35.6028,-5.85307,-2.84609e-18,0.0267642,0.107071,-296.585,3.96196e-06,-11.4037,0,0,0,41.2618,225.218,29.5899,-0.0602347,0.0985494,-0.56044,129.325,194.357,-21.6623,-0.0126931,-0.0322286,0.330884,190.955,126.993,-60.8352,-0.00084758,-0.0511917,0.157552,238.036,42.1834,-96.4704,4.61424e-17,-0.0291028,0.102264,254.428,-2.21061e-05,-109.833,0,0,0,-41.2618,225.218,29.5899,0.126139,-0.175972,-0.548481,-125.516,194.556,-27.8153,0.027208,0.0372442,0.330513,-187.463,127.343,-66.7451,-0.0988051,0.0351814,0.162234,-236.98,42.288,-98.2569,-6.65866e-16,0.0291062,0.102284,-254.429,6.14139e-06,-109.833,0,0,0,-2.87457e-16,240.208,18.9596,0.000578349,-0.000680063,-0.399001,-1.029,227.913,-60.0626,1.35806e-21,0.000460055,0.203736,-2.05716,171.314,-146.279,0,0,0,
0,211.508,36.2482,0,0,0,2.70791e-16,206.484,53.9523,0,0,0,5.50293e-16,203.84,72.5373,0,0,0,8.71391e-16,205.546,94.4694,0,0,0,1.2135e-15,233.258,121.009,0,0,0,10.9305,233.671,129.92,-0.0758488,0.0590947,-0.6704,11.7066,214.913,132.849,-0.0523104,-0.11163,0.396598,12.4799,196.228,135.796,5.99946e-18,0.167459,-0.51857,12.9005,186.052,137.385,0,0,0,-10.9305,233.671,129.92,0.109349,-0.0901671,-0.680974,-11.7065,215.126,132.841,0.0428333,0.137617,0.414278,-12.4809,196.625,135.755,1.33648e-17,-0.182768,-0.470318,-12.9196,186.129,137.409,0,0,0,51.6124,205.057,94.5118,0.0634466,-0.0852944,-0.465544,118.984,185.83,187.586,0.00495107,0.0336845,0.25891,155.171,126.886,245.791,-0.00117023,0.0137215,0.120176,186.307,37.5086,299.378,-6.60539e-18,0.0325144,0.102443,192.824,0.000251702,313.051,0,0,0,-51.6124,205.057,94.5118,-0.0635454,0.0853906,-0.465533,-118.975,185.831,187.592,-0.00486329,-0.0336612,0.258918,-155.165,126.886,245.794,0.00119722,-0.0137196,0.120174,-186.305,37.5082,299.378,2.71922e-19,-0.0325186,0.102443,-192.823,0.000245395,313.051,0,0,0,50.6909,206.593,71.8174,0.0419496,-0.0491691,-0.475719,159.026,183.751,105.399,-0.00250419,0.0214639,0.258658,229.233,120.392,130.523,-0.00130947,-0.00872594,0.153043,279.746,36.9153,147.057,-6.46268e-18,0.00540818,0.0803878,294.905,0.000415168,152.227,0,0,0,-50.6909,206.593,71.8174,-0.0429168,0.0500513,-0.475646,-159.001,183.754,105.481,0.00354148,-0.0211811,0.258696,-229.219,120.393,130.572,0.00135397,0.00872433,0.153044,-279.742,36.9155,147.071,8.04474e-18,-0.00540552,0.0803935,-294.904,0.000411637,152.228,0,0,0,47.0996,210.814,45.7424,-0.00270853,0.0110497,-0.501344,152.082,182.467,23.7857,-0.00714514,-0.00468621,0.277675,224.825,119.476,7.92924,-0.00090726,-0.0190268,0.16828,279.408,36.984,-6.14012,-9.8113e-18,-0.0226466,0.0905967,296.585,-2.57244e-05,-11.4043,0,0,0,-47.0996,210.814,45.7424,0.00200131,-0.0103893,-0.501366,-152.093,182.465,23.842,0.00774837,0.0048587,0.277681,-224.832,119.473,7.96793,0.00111177,0.0190629,0.168275,-279.409,36.9826,-6.1285,-2.41149e-18,0.0226387,0.0906125,-296.585,-2.98748e-05,-11.4037,0,0,0,41.2618,214.137,29.5899,-0.0514941,0.0842681,-0.504324,132.375,195.054,-22.0684,-0.011034,-0.0271002,0.284819,195.318,129.296,-61.8767,-0.000731219,-0.043995,0.135588,240.209,43.2028,-97.2596,3.97513e-17,-0.0250359,0.0880103,254.428,0.000444587,-109.832,0,0,0,-41.2618,214.137,29.5899,0.106487,-0.150619,-0.494502,-128.576,195.358,-28.357,0.0236567,0.0308264,0.284625,-191.837,129.758,-67.9209,-0.0852587,0.0321611,0.139144,-239.171,43.3364,-99.0647,-5.73756e-16,0.0250441,0.0880456,-254.428,0.000415293,-109.832,0,0,0,-2.87457e-16,229.127,18.9596,0.000445547,-0.00048677,-0.33451,-1.05767,227.1,-60.9872,8.81617e-22,0.000295014,0.131178,-2.05717,169.118,-146.28,0,0,0,
0,194.953,36.2482,0,0,0,2.70791e-16,189.929,53.9523,0,0,0,5.50293e-16,187.284,72.5373,0,0,0,8.71391e-16,188.99,94.4694,0,0,0,1.2135e-15,216.703,121.009,0,0,0,10.9305,217.115,129.92,-0.0771929,0.0589752,-0.662003,11.7868,198.411,133.153,-0.0523104,-0.11163,0.396598,12.64,179.78,136.403,5.99946e-18,0.167459,-0.51857,13.1041,169.633,138.156,0,0,0,-10.9305,217.115,129.92,0.110736,-0.0898338,-0.672527,-11.7867,198.624,133.143,0.0428333,0.137617,0.414278,-12.6411,180.177,136.358,1.33648e-17,-0.182768,-0.470318,-13.1251,169.71,138.182,0,0,0,51.6124,188.502,94.5118,0.0515686,-0.068669,-0.39845,121.078,185.064,187.968,0.00400049,0.0266782,0.207478,158.092,128.485,247.973,-0.000939331,0.0110077,0.0962911,187.86,38.2738,300.936,-5.30012e-18,0.026037,0.0820809,192.824,-2.37532e-05,313.051,0,0,0,-51.6124,188.502,94.5118,-0.0516471,0.0687453,-0.398441,-121.07,185.065,187.974,-0.00392957,-0.0266632,0.207484,-158.086,128.485,247.976,0.000960995,-0.0110067,0.0962898,-187.858,38.2734,300.937,2.18189e-19,-0.0260403,0.0820806,-192.823,-2.34899e-05,313.051,0,0,0,50.6909,190.037,71.8174,0.0348778,-0.0399535,-0.406293,161.192,183.199,105.413,-0.00201853,0.017193,0.206753,233.368,122.573,131.679,-0.00104976,-0.00693336,0.122341,281.82,37.7761,147.648,-5.17019e-18,0.00432152,0.0642605,294.905,-5.53602e-06,152.227,0,0,0,-50.6909,190.037,71.8174,-0.0356546,0.0406528,-0.406236,-161.168,183.202,105.492,0.00285468,-0.0170111,0.206782,-233.354,122.574,131.726,0.00108544,0.00693106,0.122343,-281.816,37.7764,147.661,6.43592e-18,-0.00431944,0.0642657,-294.905,-6.87362e-06,152.228,0,0,0,47.0996,194.258,45.7424,-0.00106255,0.0078976,-0.424979,155.182,182.56,23.6442,-0.00571948,-0.0033696,0.220098,230.231,122.409,7.50783,-0.00072171,-0.0150296,0.133384,282.086,38.1475,-6.39216,-7.78517e-18,-0.0179413,0.0718074,296.585,3.25545e-05,-11.4043,0,0,0,-47.0996,194.258,45.7424,0.000503113,-0.00737791,-0.424997,-155.193,182.557,23.6999,0.00620237,0.00347806,0.220104,-230.238,122.407,7.54565,0.000884401,0.0150526,0.133381,-282.087,38.1462,-6.38114,-1.9135e-18,0.0179351,0.0718202,-296.585,4.20408e-05,-11.4037,0,0,0,41.2618,197.582,29.5899,-0.0410501,0.0677177,-0.431245,134.543,194.13,-21.6062,-0.00896143,-0.0211906,0.229069,199.586,131.128,-62.4807,-0.000589406,-0.0353234,0.109022,242.522,44.1061,-98.0174,3.19963e-17,-0.0201226,0.0707679,254.428,-1.4564e-05,-109.833,0,0,0,-41.2618,197.582,29.5899,0.0828134,-0.120229,-0.423626,-131.035,194.532,-27.5571,0.0192189,0.0236129,0.229046,-196.369,131.686,-68.2071,-0.0687448,0.027696,0.11141,-241.585,44.2612,-99.6977,-4.61963e-16,0.0201353,0.0708179,-254.429,-1.63088e-05,-109.833,0,0,0,-2.87457e-16,212.572,18.9596,0.000323452,-0.000305217,-0.257887,-1.06628,222.773,-60.3595,4.05129e-22,0.000134645,0.0600063,-2.05716,165.724,-146.279,0,0,0,
0,174.486,36.2482,0,0,0,2.70791e-16,169.462,53.9523,0,0,0,5.50293e-16,166.818,72.5373,0,0,0,8.71391e-16,168.524,94.4694,0,0,0,1.2135e-15,196.236,121.009,0,0,0,10.9305,196.649,129.92,-0.0793137,0.0587602,-0.648879,11.9116,178.039,133.626,-0.0523104,-0.11163,0.396598,12.8893,159.502,137.347,5.99946e-18,0.167459,-0.51857,13.4211,149.406,139.357,0,0,0,-10.9305,196.649,129.92,0.11291,-0.0892806,-0.659326,-11.9114,178.252,133.612,0.0428333,0.137617,0.414278,-12.8903,159.899,137.297,1.33648e-17,-0.182768,-0.470318,-13.445,149.486,139.387,0,0,0,51.6124,168.035,94.5118,0.0394854,-0.0523834,-0.32409,121.881,182.099,186.359,0.00302355,0.019815,0.155814,160.087,128.965,248.719,-0.000706334,0.00827734,0.0723047,189.141,38.7654,302.097,-3.98429e-18,0.0195422,0.0616336,192.824,0.000108812,313.051,0,0,0,-51.6124,168.035,94.5118,-0.0395433,0.0524396,-0.324084,-121.874,182.1,186.364,-0.00296995,-0.0198066,0.155818,-160.082,128.965,248.721,0.000722624,-0.00827696,0.0723037,-189.14,38.765,302.098,1.6402e-19,-0.0195448,0.0616334,-192.823,9.87901e-05,313.051,0,0,0,50.6909,169.571,71.8174,0.0272389,-0.0306645,-0.33016,161.115,180.407,104.607,-0.00152413,0.0129376,0.155111,235.912,123.7,132.254,-0.000789336,-0.00517214,0.0917901,283.418,38.34,148.068,-3.88139e-18,0.00324133,0.0482127,294.905,0.000118459,152.227,0,0,0,-50.6909,169.571,71.8174,-0.0278207,0.0311803,-0.330117,-161.094,180.411,104.676,0.0021555,-0.0128342,0.155131,-235.9,123.701,132.294,0.000816178,0.00516965,0.0917924,-283.414,38.3403,148.079,4.83166e-18,-0.00323981,0.0482171,-294.905,0.00011504,152.228,0,0,0,47.0996,173.792,45.7424,-0.000116347,0.00547486,-0.343637,155.695,180.116,23.969,-0.00430584,-0.00227126,0.164503,233.718,123.995,7.42517,-0.000540843,-0.0112002,0.099691,284.161,38.8924,-6.5466,-5.82329e-18,-0.0134041,0.0536672,296.585,0.00011141,-11.4043,0,0,0,-47.0996,173.792,45.7424,-0.000297221,-0.00509306,-0.343652,-155.705,180.113,24.0182,0.0046694,0.00233193,0.164509,-233.724,123.993,7.45826,0.000662765,0.0112133,0.0996896,-284.162,38.8913,-6.53724,-1.4313e-18,0.0133995,0.053677,-296.585,0.000113686,-11.4037,0,0,0,41.2618,177.115,29.5899,-0.0308455,0.0518746,-0.35095,134.532,190.868,-19.8662,-0.00682931,-0.0155854,0.17326,202.322,131.827,-62.1658,-0.000446568,-0.0266782,0.0824427,244.334,44.6775,-98.4861,2.42154e-17,-0.0152119,0.0535154,254.428,0.000102631,-109.833,0,0,0,-41.2618,177.115,29.5899,0.0599129,-0.0905222,-0.345253,-131.579,191.306,-24.9597,0.0146517,0.0169828,0.17335,-199.61,132.41,-67.075,-0.052104,0.0223364,0.0838814,-243.567,44.8332,-99.8953,-3.49748e-16,0.015227,0.0535726,-254.429,9.80468e-05,-109.833,0,0,0,-2.87457e-16,192.106,18.9596,0.000225723,-0.000163711,-0.180535,-1.04661,214.408,-57.8402,3.74174e-23,1.24135e-05,0.00553553,-2.05717,161.349,-146.28,0,0,0,
0,151.674,36.2482,0,0,0,2.70791e-16,146.65,53.9523,0,0,0,5.50293e-16,144.005,72.5373,0,0,0,8.71391e-16,145.711,94.4694,0,0,0,1.2135e-15,173.424,121.009,0,0,0,10.9305,173.836,129.92,-0.0825917,0.0583665,-0.62889,12.1004,155.394,134.342,-0.0523104,-0.11163,0.396598,13.2663,137.026,138.776,5.99946e-18,0.167459,-0.51857,13.9006,127.021,141.174,0,0,0,-10.9305,173.836,129.92,0.116233,-0.0883629,-0.639224,-12.1001,155.607,134.323,0.0428333,0.137617,0.414278,-13.2673,137.422,138.716,1.33648e-17,-0.182768,-0.470318,-13.9288,127.104,141.208,0,0,0,51.6124,145.223,94.5118,0.0283473,-0.0377619,-0.248169,121.034,176.779,182.581,0.00212148,0.0137163,0.108873,160.705,128.144,247.639,-0.000493947,0.00579137,0.0505162,189.939,38.982,302.638,-2.78573e-18,0.0136493,0.0430607,192.824,0.000572663,313.051,0,0,0,-51.6124,145.223,94.5118,-0.0283869,0.0378001,-0.248164,-121.028,176.78,182.585,-0.00208387,-0.0137122,0.108876,-160.702,128.144,247.641,0.000505339,-0.00579136,0.0505155,-189.937,38.9816,302.638,1.14679e-19,-0.0136511,0.0430605,-192.823,0.000571106,313.05,0,0,0,50.6909,146.758,71.8174,0.0198149,-0.0221085,-0.252885,158.416,175.259,102.944,-0.00106992,0.00907555,0.108427,236.255,123.617,132.084,-0.000552598,-0.00359784,0.0641683,284.26,38.6016,148.241,-2.71444e-18,0.00226547,0.033704,294.904,0.000717669,152.227,0,0,0,-50.6909,146.758,71.8174,-0.0202184,0.0224599,-0.252854,-158.4,175.262,102.998,0.00151314,-0.00902409,0.108441,-236.245,123.618,132.115,0.000571395,0.00359561,0.0641706,-284.257,38.602,148.25,3.37904e-18,-0.00226442,0.0337074,-294.904,0.000726459,152.228,0,0,0,47.0996,150.979,45.7424,0.000222134,0.00376632,-0.26239,153.323,175.138,24.7671,-0.00302343,-0.00143447,0.114974,234.714,124.185,7.73265,-0.00037865,-0.00780988,0.0696752,285.36,39.2586,-6.57247,-4.07206e-18,-0.00936593,0.0375078,296.585,0.00010181,-11.4043,0,0,0,-47.0996,150.979,45.7424,-0.000505789,-0.00350639,-0.262402,-153.331,175.136,24.806,0.00327873,0.00146417,0.114979,-234.719,124.183,7.75846,0.000464012,0.00781652,0.0696749,-285.361,39.2576,-6.56537,-1.00087e-18,0.00936278,0.0375148,-296.585,0.000110369,-11.4037,0,0,0,41.2618,154.303,29.5899,-0.0218057,0.0378325,-0.269317,131.966,185.144,-16.8404,-0.00484809,-0.0107341,0.122389,202.915,131.241,-60.7876,-0.000315798,-0.0188239,0.0582265,245.343,44.9115,-98.5545,1.71116e-17,-0.0107413,0.037796,254.427,0.000681256,-109.832,0,0,0,-41.2618,154.303,29.5899,0.040316,-0.0641889,-0.265263,-129.717,185.546,-20.7481,0.0104052,0.0114412,0.122526,-200.842,131.767,-64.5604,-0.0368602,0.0166739,0.0589999,-244.777,45.0462,-99.6105,-2.47241e-16,0.010756,0.0378507,-254.428,0.000648889,-109.832,0,0,0,-2.87457e-16,169.293,18.9596,0.000124817,-7.71705e-05,-0.110076,-1.00193,202.162,-53.9467,-1.84097e-21,-2.07473e-05,-0.0256162,-2.05717,156.213,-146.28,0,0,0,
0,128.079,36.2482,0,0,0,2.70791e-16,123.055,53.9523,0,0,0,5.50293e-16,120.41,72.5373,0,0,0,8.71391e-16,122.116,94.4694,0,0,0,1.2135e-15,149.829,121.009,0,0,0,10.9305,150.241,129.92,-0.0877398,0.0576047,-0.598197,12.3867,132.114,135.427,-0.0523104,-0.11163,0.396598,13.838,114.062,140.942,5.99946e-18,0.167459,-0.51857,14.6276,104.228,143.929,0,0,0,-10.9305,150.241,129.92,0.121367,-0.0867778,-0.608369,-12.3861,132.328,135.399,0.0428333,0.137617,0.414278,-13.8386,114.456,140.867,1.33648e-17,-0.182768,-0.470318,-14.6619,104.317,143.968,0,0,0,51.6124,121.628,94.5118,0.0187554,-0.0252802,-0.17507,118.656,169.299,176.998,0.001355,0.00867604,0.0693773,159.905,126.049,244.818,-0.000314893,0.00369497,0.032187,190.194,38.965,302.51,-1.77572e-18,0.00869545,0.0274368,192.824,9.84022e-05,313.051,0,0,0,-51.6124,121.628,94.5118,-0.0187799,0.0253038,-0.175067,-118.652,169.3,177,-0.00133098,-0.00867438,0.0693789,-159.903,126.049,244.819,0.000322156,-0.0036951,0.0321866,-190.193,38.9646,302.51,7.31007e-20,-0.00869658,0.0274367,-192.823,9.85901e-05,313.051,0,0,0,50.6909,123.163,71.8174,0.0131762,-0.0147046,-0.17868,153.402,167.975,100.598,-0.000684775,0.00581506,0.069231,234.375,122.351,131.2,-0.000353137,-0.0022882,0.0409736,284.288,38.5998,148.159,-1.73364e-18,0.0014464,0.0215209,294.905,0.000111911,152.227,0,0,0,-50.6909,123.163,71.8174,-0.0134305,0.0149215,-0.178659,-153.39,167.977,100.636,0.000968458,-0.00579337,0.0692391,-234.369,122.352,131.222,0.000365151,0.00228651,0.0409753,-284.286,38.6001,148.165,2.1581e-18,-0.00144574,0.0215231,-294.905,0.000113523,152.228,0,0,0,47.0996,127.384,45.7424,0.000203311,0.00255779,-0.185052,148.447,167.935,25.9619,-0.00194052,-0.000836942,0.0736018,233.251,123.089,8.41317,-0.000242629,-0.00499105,0.0446032,285.636,39.3228,-6.46282,-2.60751e-18,-0.0059948,0.0240105,296.585,0.000135074,-11.4043,0,0,0,-47.0996,127.384,45.7424,-0.000380583,-0.00239693,-0.185062,-148.453,167.934,25.9889,0.0021044,0.000849172,0.0736055,-233.255,123.087,8.4309,0.000297329,0.00499396,0.0446035,-285.636,39.322,-6.45805,-6.40904e-19,0.00599283,0.0240152,-296.585,0.000145797,-11.4037,0,0,0,41.2618,130.708,29.5899,-0.0142938,0.0258316,-0.190829,127.155,177.183,-12.798,-0.0031462,-0.00679977,0.0792032,201.353,129.408,-58.4365,-0.000204486,-0.0121718,0.0376756,245.482,44.8506,-98.2093,1.10754e-17,-0.00694919,0.0244557,254.428,9.95573e-05,-109.833,0,0,0,-41.2618,130.708,29.5899,0.0249711,-0.0422273,-0.188169,-125.624,177.492,-15.4488,0.00675497,0.00710336,0.0793341,-199.937,129.812,-60.9997,-0.0238763,0.0112834,0.0380393,-245.11,44.9504,-98.9074,-1.60082e-16,0.00696116,0.0244997,-254.429,9.89374e-05,-109.833,0,0,0,-2.87457e-16,145.698,18.9596,5.10892e-05,-2.46081e-05,-0.0526371,-0.94958,186.708,-49.6988,-2.25448e-21,-2.54117e-05,-0.0313735,-2.05717,150.532,-146.28,0,0,0,
0,105.266,36.2482,0,0,0,2.70791e-16,100.242,53.9523,0,0,0,5.50293e-16,97.5976,72.5373,0,0,0,8.71391e-16,99.3035,94.4694,0,0,0,1.2135e-15,127.016,121.009,0,0,0,10.9305,127.428,129.92,-0.0960872,0.0560227,-0.550147,12.8237,109.932,137.083,-0.0523104,-0.11163,0.396598,14.7105,92.51,144.248,5.99946e-18,0.167459,-0.51857,15.7371,83.0177,148.133,0,0,0,-10.9305,127.428,129.92,0.129487,-0.08387,-0.560097,-12.8222,110.144,137.041,0.0428333,0.137617,0.414278,-14.7098,92.9006,144.146,1.33648e-17,-0.182768,-0.470318,-15.78,83.1175,148.177,0,0,0,51.6124,98.8148,94.5118,0.0109723,-0.0150435,-0.108673,115.229,160.213,170.37,0.000754803,0.00480167,0.0386057,157.975,122.863,240.722,-0.000175256,0.00205823,0.0179093,189.968,38.7515,301.805,-9.88242e-19,0.00483793,0.0152664,192.824,5.89449e-05,313.051,0,0,0,-51.6124,98.8149,94.5118,-0.0109856,0.0150561,-0.108672,-115.227,160.214,170.371,-0.000741422,-0.00480115,0.0386065,-157.974,122.863,240.723,0.000179298,-0.00205835,0.017909,-189.967,38.751,301.805,4.06827e-20,-0.00483856,0.0152663,-192.823,5.7771e-05,313.051,0,0,0,50.6909,100.35,71.8174,0.00768902,-0.00865101,-0.111304,146.884,159.114,97.8877,-0.000383106,0.00325961,0.0386881,230.738,120.05,129.785,-0.000197424,-0.00127493,0.022898,283.609,38.3741,147.864,-9.68933e-19,0.000808267,0.0120268,294.905,6.32436e-05,152.227,0,0,0,-50.6909,100.35,71.8174,-0.0078289,0.00876743,-0.111291,-146.877,159.115,97.9102,0.000541815,-0.00325234,0.0386922,-230.734,120.051,129.798,0.000204141,0.00127386,0.0228989,-283.607,38.3743,147.868,1.20617e-18,-0.000807896,0.012028,-294.905,6.09691e-05,152.228,0,0,0,47.0996,104.572,45.7424,7.19584e-05,0.0016269,-0.115182,141.949,159.11,27.4073,-0.00109132,-0.000434635,0.0413418,229.846,120.898,9.38334,-0.000136345,-0.00280013,0.0250535,285.114,39.1442,-6.23486,-1.46482e-18,-0.003367,0.0134864,296.585,5.91173e-05,-11.4043,0,0,0,-47.0996,104.572,45.7424,-0.000169005,-0.00154003,-0.115188,-141.952,159.109,27.4231,0.0011835,0.000438534,0.0413445,-229.847,120.897,9.39368,0.000167086,0.0028012,0.025054,-285.114,39.1436,-6.23209,-3.60045e-19,0.00336594,0.0134893,-296.585,6.40199e-05,-11.4037,0,0,0,41.2618,107.895,29.5899,-0.00836729,0.0158174,-0.119515,120.912,167.569,-8.21474,-0.00179254,-0.00380473,0.0450663,198.097,126.5,-55.4007,-0.00011638,-0.00692198,0.0214352,244.87,44.5385,-97.5172,6.30209e-18,-0.00395337,0.0139136,254.428,5.67108e-05,-109.833,0,0,0,-41.2618,107.895,29.5899,0.0137866,-0.0247755,-0.117988,-120.014,167.765,-9.75291,0.00384979,0.00390817,0.0451605,-197.261,126.757,-56.8895,-0.0135929,0.00664239,0.0215793,-244.659,44.6003,-97.9117,-9.11166e-17,0.00396136,0.0139428,-254.429,5.5397e-05,-109.833,0,0,0,-2.87457e-16,122.885,18.9596,9.22043e-06,-1.7518e-06,-0.0122574,-0.903795,169.301,-46.1669,-9.96731e-22,-1.12303e-05,-0.0138669,-2.05717,144.524,-146.28,0,0,0,
0,84.7996,36.2482,0,0,0,2.70791e-16,79.7755,53.9523,0,0,0,5.50293e-16,77.1313,72.5373,0,0,0,8.71391e-16,78.8372,94.4694,0,0,0,1.2135e-15,106.55,121.009,0,0,0,10.9305,106.962,129.92,-0.109937,0.0525459,-0.47476,13.473,90.7779,139.545,-0.0523104,-0.11163,0.396598,16.0069,74.6677,149.16,5.99946e-18,0.167459,-0.51857,17.3858,65.8873,154.381,0,0,0,-10.9305,106.962,129.92,0.142463,-0.0782566,-0.484454,-13.4693,90.9855,139.477,0.0428333,0.137617,0.414278,-16.0023,75.0467,149.013,1.33648e-17,-0.182768,-0.470318,-17.4388,66.0037,154.422,0,0,0,51.6124,78.3485,94.5118,0.00504143,-0.00703918,-0.0524962,111.45,150.497,163.689,0.00032625,0.00206701,0.0166806,155.442,118.985,236.101,-7.57271e-05,0.000889998,0.00773771,189.418,38.3806,300.737,-4.27004e-19,0.00209019,0.00659588,192.824,3.61551e-05,313.051,0,0,0,-51.6124,78.3485,94.5118,-0.00504702,0.00704443,-0.0524954,-111.448,150.497,163.689,-0.000320466,-0.00206691,0.0166809,-155.441,118.985,236.1,7.74735e-05,-0.000890069,0.00773758,-189.417,38.38,300.737,1.75784e-20,-0.00209046,0.00659585,-192.823,3.3727e-05,313.051,0,0,0,50.6909,79.8839,71.8174,0.00351563,-0.00400768,-0.0542373,139.991,149.629,95.2076,-0.00016724,0.00142572,0.0168816,226.181,117.035,128.128,-8.61601e-05,-0.000555175,0.0099918,282.475,37.9712,147.443,-4.22819e-19,0.000352688,0.005248,294.905,3.67206e-05,152.227,0,0,0,-50.6909,79.8839,71.8174,-0.00357565,0.00405625,-0.0542299,-139.988,149.629,95.2178,0.000236517,-0.00142403,0.0168829,-226.18,117.036,128.134,8.90893e-05,0.00055466,0.00999198,-282.474,37.9715,147.445,5.26332e-19,-0.000352518,0.00524843,-294.905,4.13341e-05,152.228,0,0,0,47.0996,84.1053,45.7424,-1.62058e-05,0.000838841,-0.0561526,135.01,149.643,28.901,-0.000480035,-0.000179932,0.0181766,225.387,117.959,10.4914,-5.99561e-05,-0.00123017,0.0110152,284.066,38.7803,-5.93284,-6.4406e-19,-0.00148031,0.00592947,296.585,4.02684e-05,-11.4043,0,0,0,-47.0996,84.1053,45.7424,-2.54577e-05,-0.000802204,-0.0561575,-135.011,149.642,28.9079,0.000520598,0.000180712,0.0181784,-225.388,117.958,10.496,7.34764e-05,0.00123049,0.0110158,-284.066,38.7797,-5.93153,-1.58312e-19,0.00147989,0.00593091,-296.585,4.10196e-05,-11.4037,0,0,0,41.2618,87.4287,29.5899,-0.00392703,0.00774082,-0.0591082,114.344,157.324,-3.694,-0.000805589,-0.00168851,0.020244,193.958,122.887,-52.1333,-5.22813e-05,-0.00310832,0.00962814,243.773,44.0304,-96.6228,2.83085e-18,-0.00177568,0.00624952,254.428,3.74689e-05,-109.833,0,0,0,-41.2618,87.4286,29.5899,0.00612786,-0.0116128,-0.0584218,-113.935,157.418,-4.38573,0.00173054,0.00171231,0.0202928,-193.575,123.011,-52.8029,-0.0061077,0.00305646,0.009672,-243.681,44.0596,-96.7957,-4.09381e-17,0.00177967,0.00626405,-254.429,3.36318e-05,-109.833,0,0,0,-2.87457e-16,102.419,18.9596,-2.09549e-05,-1.53286e-05,0.0102762,-0.871696,151.722,-44.0099,1.3634e-22,4.52406e-05,0.0201727,-2.05717,138.407,-146.28,0,0,0,
0,68.244,36.2482,0,0,0,2.70791e-16,63.2199,53.9523,0,0,0,5.50293e-16,60.5757,72.5373,0,0,0,8.71391e-16,62.2816,94.4694,0,0,0,1.2135e-15,89.994,121.009,0,0,0,10.9305,90.4064,129.92,-0.012836,0.0057481,-0.0720816,16.131,86.4358,147.759,-0.00719356,-0.0116803,0.052043,20.9323,71.4799,158.326,3.99815e-18,0.0208416,-0.0671797,18.0454,61.6907,156.88,0,0,0,-10.9305,90.4065,129.92,0.016617,-0.00801046,-0.0749232,-15.7516,86.879,147.734,0.00598064,0.0153933,0.0547675,-20.7248,71.9466,157.916,1.91039e-18,-0.0231085,-0.0613498,-18.1268,61.6736,157.012,0,0,0,51.6124,61.7929,94.5118,0.000877631,-0.0012442,-0.00948787,108.051,141.544,157.961,5.31767e-05,0.000336122,0.00271868,152.94,115.093,231.833,-1.23422e-05,0.000145129,0.00126107,188.761,37.9325,299.601,-6.95938e-20,0.000340654,0.00107499,192.824,2.6869e-05,313.051,0,0,0,-51.6124,61.793,94.5118,-0.00087851,0.00124501,-0.00948758,-108.05,141.544,157.961,-5.22332e-05,-0.000336113,0.00271868,-152.94,115.093,231.832,1.26266e-05,-0.000145141,0.00126103,-188.76,37.932,299.6,2.8649e-21,-0.000340692,0.00107497,-192.823,2.50754e-05,313.051,0,0,0,50.6909,63.3284,71.8174,0.000642449,-0.000742722,-0.0104688,133.91,140.88,92.942,-2.91551e-05,0.000248919,0.00294268,221.746,113.882,126.568,-1.50195e-05,-9.665e-05,0.00174173,281.234,37.4841,147.005,-7.37045e-20,6.14786e-05,0.000914805,294.905,3.4781e-05,152.227,0,0,0,-50.6909,63.3284,71.8174,-0.000652627,0.000750681,-0.010465,-133.909,140.881,92.944,4.1223e-05,-0.000248736,0.00294222,-221.745,113.882,126.57,1.55266e-05,9.65342e-05,0.00174137,-281.234,37.4843,147.006,9.17277e-20,-6.14352e-05,0.000914675,-294.905,3.7977e-05,152.228,0,0,0,47.0996,67.5498,45.7424,-1.45023e-05,0.000173839,-0.0109337,128.862,140.903,30.2154,-8.50554e-05,-3.06043e-05,0.0032203,220.968,114.857,11.535,-1.06227e-05,-0.000217845,0.00195153,282.86,38.3249,-5.6244,-1.14108e-19,-0.000262261,0.00105051,296.585,5.00833e-05,-11.4043,0,0,0,-47.0996,67.5498,45.7424,7.26252e-06,-0.00016763,-0.0109374,-128.863,140.903,30.2162,9.22654e-05,3.06425e-05,0.00322142,-220.968,114.856,11.5358,1.30213e-05,0.000217934,0.00195213,-282.86,38.3244,-5.62402,-2.8055e-20,0.000262252,0.00105102,-296.584,5.27125e-05,-11.4037,0,0,0,41.2618,70.8731,29.5899,-0.000821417,0.00167188,-0.0128028,108.59,147.907,0.144566,-0.000159878,-0.000332443,0.00401732,189.921,119.214,-49.1781,-1.03748e-05,-0.000616712,0.00191058,242.552,43.436,-95.7265,5.61749e-19,-0.000352355,0.00124013,254.428,1.594e-05,-109.833,0,0,0,-41.2618,70.8731,29.5899,0.00122561,-0.00241529,-0.0126669,-108.509,147.925,0.00825676,0.000343487,0.000334214,0.00402776,-189.844,119.24,-49.3097,-0.00121217,0.000615961,0.0019165,-242.535,43.4421,-95.7599,-8.12469e-18,0.00035319,0.00124316,-254.429,1.05043e-05,-109.833,0,0,0,-2.87457e-16,85.8631,18.9596,-4.34402e-05,-5.63867e-05,0.0182557,-0.85419,136.165,-43.2152,3.96069e-22,0.000131624,0.0586612,-2.05716,132.399,-146.279,0,0,0,
0,57.1635,36.2482,0,0,0,2.70791e-16,52.1394,53.9523,0,0,0,5.50293e-16,49.4952,72.5373,0,0,0,8.71391e-16,51.2011,94.4694,0,0,0,1.2135e-15,78.9135,121.009,0,0,0,10.9305,79.326,129.92,0.0012561,0.00299246,0.159287,16.0073,84.0698,147.605,0.0137845,0.0116676,-0.109033,21.6573,70.8524,159.925,2.40949e-19,-0.0463849,0.075751,18.0454,61.6906,156.88,0,0,0,-10.9305,79.326,129.92,-0.00283658,-0.00198075,0.162412,-15.4546,84.6274,147.369,-0.0150716,-0.018488,-0.107126,-21.4333,71.5077,159.348,-1.32089e-18,0.0515327,0.0689376,-18.1268,61.6736,157.012,0,0,0,51.6124,50.7124,94.5118,-0.00148376,0.00226667,0.0177366,105.684,134.966,154.086,-6.74325e-05,-0.000529707,-0.00375007,151.141,112.178,228.826,-1.04387e-06,-0.000562048,-0.00351083,188.224,37.5432,298.71,-1.3638e-19,-0.000412936,-0.00124955,192.824,4.20902e-05,313.051,0,0,0,-51.6124,50.7125,94.5118,0.00148379,-0.00226675,0.0177368,-105.683,134.966,154.085,6.74078e-05,0.000529716,-0.00375014,-151.141,112.178,228.825,1.03807e-06,0.000562091,-0.00351089,-188.224,37.5427,298.71,7.28082e-20,0.000412981,-0.00124955,-192.823,3.96253e-05,313.051,0,0,0,50.6909,52.2479,71.8174,-0.000715639,0.000961701,0.0172914,129.705,134.445,91.4754,-0.000163675,-0.000280541,-0.00374475,218.531,111.444,125.47,5.4873e-06,-8.261e-05,-0.00360519,280.275,37.0726,146.678,4.67409e-20,-7.03934e-05,-0.00128651,294.905,4.28963e-05,152.227,0,0,0,-50.6909,52.2479,71.8174,0.000715774,-0.000961885,0.0172943,-129.705,134.445,91.4756,0.0001637,0.000280596,-0.00374541,-218.531,111.444,125.47,-5.48554e-06,8.26447e-05,-0.00360583,-280.274,37.0728,146.679,7.3955e-21,7.04083e-05,-0.00128674,-294.905,4.56615e-05,152.228,0,0,0,47.0996,56.4693,45.7424,0.000306611,-0.000568044,0.0176722,124.638,134.461,31.1842,-0.000100312,0.000109796,-0.00403718,217.753,112.452,12.3154,-2.26989e-05,0.000329812,-0.00397946,281.908,37.9339,-5.38725,-5.33749e-20,0.000294091,-0.0014337,296.585,6.8272e-05,-11.4043,0,0,0,-47.0996,56.4693,45.7424,-0.000306484,0.000567834,0.017669,-124.638,134.461,31.1837,0.000100303,-0.000109746,-0.00403643,-217.753,112.451,12.3153,2.26907e-05,-0.000329728,-0.00397871,-281.908,37.9335,-5.38707,9.48247e-21,-0.000294013,-0.00143343,-296.584,7.06131e-05,-11.4037,0,0,0,41.2618,59.7926,29.5899,0.00124716,-0.00241521,0.0163376,104.702,140.975,2.77308,-0.000134087,0.000450584,-0.00373669,187.049,116.44,-47.1034,3.414e-05,0.000899682,-0.00359138,241.623,42.9464,-95.056,1.50089e-19,0.00051042,-0.00140558,254.428,1.17589e-05,-109.833,0,0,0,-41.2618,59.7926,29.5899,-0.00124717,0.00241524,0.0163383,-104.702,140.975,2.7728,0.000134094,-0.000450591,-0.00373686,-187.049,116.44,-47.1033,-3.41504e-05,-0.000899709,-0.00359153,-241.624,42.9466,-95.0561,4.74711e-20,-0.000510412,-0.00140567,-254.429,1.02409e-05,-109.833,0,0,0,-2.87457e-16,74.7827,18.9596,-4.96545e-05,-8.85102e-05,0.0188155,-0.848293,125.154,-43.159,5.66095e-22,0.000188468,0.0839445,-2.05717,126.719,-146.28,0,0,0,
0,53.1224,36.2482,0,0,0,2.70791e-16,48.0983,53.9523,0,0,0,5.50293e-16,45.4541,72.5373,0,0,0,8.71391e-16,47.16,94.4694,0,0,0,1.2135e-15,74.8724,121.009,0,0,0,10.9305,75.2848,129.92,0.00259781,0.00326029,0.242303,15.7201,83.0043,146.608,0.0191895,0.0155019,-0.152468,21.617,70.8776,159.896,-1.09039e-18,-0.0648804,0.105896,18.0454,61.6906,156.88,0,0,0,-10.9305,75.2849,129.92,-0.0045786,-0.00217914,0.246831,-15.1522,83.54,146.262,-0.0209502,-0.0249527,-0.149638,-21.4014,71.5436,159.24,-1.83868e-18,0.0719558,0.0962265,-18.1268,61.6736,157.012,0,0,0,51.6124,46.6713,94.5118,-0.0022752,0.00348118,0.0273559,104.809,132.455,152.673,-0.00010083,-0.000791877,-0.00560744,150.461,111.046,227.701,-1.56087e-06,-0.00084042,-0.00524969,188.011,37.3816,298.362,-2.03927e-19,-0.000617455,-0.00186843,192.824,6.69812e-05,313.051,0,0,0,-51.6124,46.6714,94.5118,0.00227524,-0.00348129,0.0273562,-104.809,132.455,152.672,0.000100793,0.000791887,-0.00560753,-150.461,111.045,227.7,1.5522e-06,0.000840482,-0.00524976,-188.01,37.3811,298.362,1.08868e-19,0.00061752,-0.00186842,-192.823,6.45321e-05,313.051,0,0,0,50.6909,48.2068,71.8174,-0.00111473,0.00150284,0.0271056,128.157,131.985,90.9523,-0.000248905,-0.000426144,-0.0056948,217.315,110.486,125.059,8.34468e-06,-0.000125644,-0.00548254,279.901,36.9037,146.552,7.10803e-20,-0.000107049,-0.00195644,294.905,6.80277e-05,152.227,0,0,0,-50.6909,48.2068,71.8174,0.00111487,-0.00150304,0.0271085,-128.156,131.985,90.9525,0.000248927,0.000426203,-0.00569546,-217.315,110.486,125.06,-8.3415e-06,0.000125689,-0.00548317,-279.9,36.9039,146.553,1.12459e-20,0.000107066,-0.00195667,-294.905,7.09373e-05,152.228,0,0,0,47.0996,52.4281,45.7424,0.000478393,-0.000886291,0.0277714,123.088,131.998,31.5515,-0.000153316,0.000168142,-0.00617046,216.535,111.505,12.6146,-3.4693e-05,0.000504164,-0.00608224,281.534,37.7724,-5.29499,-8.15783e-20,0.000449491,-0.00219127,296.585,0.0001165,-11.4042,0,0,0,-47.0996,52.4282,45.7424,-0.000478228,0.000886022,0.0277682,-123.088,131.997,31.5509,0.000153313,-0.000168076,-0.00616973,-216.535,111.504,12.6145,3.46828e-05,-0.000504068,-0.00608151,-281.534,37.772,-5.29481,1.4494e-20,-0.000449402,-0.002191,-296.584,0.000118096,-11.4036,0,0,0,41.2618,55.7515,29.5899,0.00200959,-0.00391263,0.0265665,103.292,138.323,3.7362,-0.000212438,0.000714347,-0.00592016,185.977,115.366,-46.3323,5.40893e-05,0.0014253,-0.00569002,241.266,42.7485,-94.799,2.37793e-19,0.00080868,-0.00222693,254.428,-8.95504e-06,-109.833,0,0,0,-41.2618,55.7515,29.5899,-0.00200958,0.00391261,0.0265671,-103.292,138.323,3.73591,0.000212446,-0.000714348,-0.00592032,-185.977,115.366,-46.3322,-5.41048e-05,-0.00142532,-0.00569017,-241.266,42.7487,-94.7991,7.52091e-20,-0.000808654,-0.00222702,-254.429,-1.06405e-05,-109.833,0,0,0,-2.87457e-16,70.7415,18.9596,-4.87959e-05,-8.12768e-05,0.0189233,-0.849297,121.126,-43.1481,5.29275e-22,0.000176131,0.0784612,-2.05717,121.582,-146.28,0,0,0,
0,54.9366,36.2482,0,0,0,2.70791e-16,49.9126,53.9523,0,0,0,5.50293e-16,47.2684,72.5373,0,0,0,8.71391e-16,48.9743,94.4694,0,0,0,1.2135e-15,76.6867,121.009,0,0,0,10.9305,77.0991,129.92,0.00193932,0.00328061,0.205109,15.8719,83.5069,147.112,0.016926,0.0139451,-0.134209,21.6525,70.8472,159.946,-5.31798e-19,-0.0571021,0.0932245,18.0454,61.6906,156.88,0,0,0,-10.9305,77.0991,129.92,-0.00376405,-0.0022128,0.209037,-15.309,84.0561,146.816,-0.0184899,-0.0222944,-0.131774,-21.4331,71.5127,159.327,-1.6217e-18,0.063374,0.0847629,-18.1269,61.6735,157.012,0,0,0,51.6124,48.4856,94.5118,-0.00192239,0.00293937,0.0230546,105.203,133.589,153.307,-8.61805e-05,-0.000676893,-0.00479271,150.769,111.56,228.208,-1.33409e-06,-0.000718314,-0.00448695,188.108,37.4555,298.52,-1.74298e-19,-0.000527743,-0.00159696,192.824,3.63785e-05,313.051,0,0,0,-51.6124,48.4856,94.5118,0.00192242,-0.00293947,0.0230549,-105.202,133.589,153.307,8.61487e-05,0.000676902,-0.00479279,-150.769,111.559,228.208,1.32668e-06,0.000718367,-0.00448701,-188.107,37.4549,298.519,9.30505e-20,0.0005278,-0.00159695,-192.823,3.36993e-05,313.051,0,0,0,50.6909,50.021,71.8174,-0.000936872,0.00126124,0.0227164,128.853,133.096,91.1873,-0.000211493,-0.000362271,-0.00483881,217.865,110.922,125.244,7.09041e-06,-0.000106752,-0.00465846,280.07,36.9809,146.609,6.03962e-20,-9.09589e-05,-0.00166236,294.905,3.65354e-05,152.227,0,0,0,-50.6909,50.021,71.8174,0.00093701,-0.00126143,0.0227193,-128.853,133.096,91.1875,0.000211516,0.000362328,-0.00483947,-217.865,110.922,125.245,-7.08785e-06,0.000106793,-0.0046591,-280.07,36.9811,146.61,9.55571e-21,9.09744e-05,-0.0016626,-294.905,3.99046e-05,152.228,0,0,0,47.0996,54.2424,45.7424,0.000401836,-0.000744512,0.0232547,123.785,133.111,31.3865,-0.00013001,0.000142458,-0.00523242,217.086,111.936,12.4796,-2.9419e-05,0.000427492,-0.00515762,281.704,37.8463,-5.33677,-6.91768e-20,0.000381159,-0.00185815,296.585,7.46233e-05,-11.4042,0,0,0,-47.0996,54.2424,45.7424,-0.000401687,0.00074427,0.0232515,-123.785,133.11,31.386,0.000130003,-0.0001424,-0.00523168,-217.086,111.935,12.4795,2.94097e-05,-0.000427401,-0.00515688,-281.704,37.8459,-5.33659,1.22904e-20,-0.000381075,-0.00185788,-296.584,7.67701e-05,-11.4036,0,0,0,41.2618,57.5658,29.5899,0.00167026,-0.00324427,0.0219916,103.926,139.52,3.30395,-0.000177942,0.000598177,-0.00495884,186.462,115.854,-46.6799,4.53062e-05,0.00119389,-0.00476604,241.428,42.8389,-94.9153,1.99179e-19,0.000677364,-0.00186531,254.428,-1.73869e-05,-109.833,0,0,0,-41.2618,57.5657,29.5899,-0.00167026,0.00324426,0.0219923,-103.926,139.52,3.30367,0.00017795,-0.000598181,-0.00495901,-186.462,115.854,-46.6798,-4.53195e-05,-0.00119392,-0.0047662,-241.428,42.8392,-94.9154,6.29968e-20,-0.000677346,-0.0018654,-254.429,-1.74826e-05,-109.833,0,0,0,-2.87457e-16,72.5558,18.9596,-4.02569e-05,-4.71244e-05,0.0174506,-0.85678,122.757,-43.2961,3.43142e-22,0.000113986,0.0508076,-2.05716,117.208,-146.279,0,0,0,
0,58.928,36.2482,0,0,0,2.70791e-16,53.904,53.9523,0,0,0,5.50293e-16,51.2598,72.5373,0,0,0,8.71391e-16,52.9657,94.4694,0,0,0,1.2135e-15,80.6781,121.009,0,0,0,10.9305,81.0905,129.92,0.000819811,0.00253462,0.122789,16.0748,84.4798,147.894,0.01101,0.00954147,-0.086931,21.6302,70.889,159.846,9.21316e-19,-0.0369816,0.0604077,18.0454,61.6906,156.88,0,0,0,-10.9305,81.0905,129.92,-0.00215216,-0.0016211,0.125229,-15.534,85.038,147.704,-0.012047,-0.0150063,-0.0854556,-21.4033,71.5294,159.299,-1.05524e-18,0.0411201,0.0550151,-18.1268,61.6736,157.012,0,0,0,51.6124,52.477,94.5118,-0.00113171,0.00172756,0.0134925,106.064,136.045,154.702,-5.19759e-05,-0.000408333,-0.00289048,151.432,112.658,229.31,-8.04599e-07,-0.000433217,-0.00270609,188.315,37.6105,298.859,-1.0512e-19,-0.000318284,-0.000963133,192.824,8.29822e-06,313.051,0,0,0,-51.6124,52.477,94.5118,0.00113173,-0.00172762,0.0134927,-106.063,136.045,154.701,5.1957e-05,0.000408341,-0.00289054,-151.432,112.657,229.309,8.00133e-07,0.000433252,-0.00270614,-188.314,37.6099,298.858,5.61194e-20,0.000318319,-0.000963133,-192.823,6.11176e-06,313.051,0,0,0,50.6909,54.0124,71.8174,-0.000538021,0.000721991,0.0129633,130.378,135.502,91.7034,-0.000124298,-0.00021316,-0.00284382,219.053,111.849,125.646,4.16716e-06,-6.27319e-05,-0.00273785,280.434,37.1428,146.731,3.54959e-20,-5.3458e-05,-0.000976999,294.905,8.19309e-06,152.227,0,0,0,-50.6909,54.0124,71.8174,0.000538153,-0.000722171,0.0129663,-130.378,135.502,91.7035,0.000124324,0.000213214,-0.00284449,-219.053,111.849,125.647,-4.16607e-06,6.27618e-05,-0.00273849,-280.433,37.143,146.732,5.6166e-21,5.34723e-05,-0.000977231,-294.905,1.16359e-05,152.228,0,0,0,47.0996,58.2338,45.7424,0.000230121,-0.000426259,0.0132187,125.312,135.52,31.0241,-7.59247e-05,8.30288e-05,-0.00305569,218.275,112.851,12.1864,-1.71805e-05,0.000249613,-0.003012,282.067,38.0009,-5.42662,-4.03987e-20,0.000222593,-0.00108514,296.585,2.41775e-05,-11.4043,0,0,0,-47.0996,58.2338,45.7424,-0.000230011,0.000426074,0.0132155,-125.312,135.52,31.0236,7.5913e-05,-8.29856e-05,-0.00305493,-218.274,112.85,12.1864,1.71732e-05,-0.000249534,-0.00301125,-282.066,38.0005,-5.42644,7.1767e-21,-0.00022252,-0.00108487,-296.584,2.70051e-05,-11.4037,0,0,0,41.2618,61.5572,29.5899,0.000906562,-0.00175138,0.011827,105.315,142.115,2.35227,-9.81486e-05,0.000329719,-0.00273519,187.508,116.894,-47.4365,2.49898e-05,0.00065857,-0.0026288,241.775,43.0288,-95.1658,1.09862e-19,0.000373616,-0.00102886,254.428,-1.00793e-05,-109.833,0,0,0,-41.2618,61.5571,29.5899,-0.000906587,0.00175143,0.0118277,-105.315,142.115,2.35199,9.81553e-05,-0.00032973,-0.00273535,-187.507,116.894,-47.4363,-2.49978e-05,-0.000658601,-0.00262896,-241.775,43.0291,-95.1659,3.47483e-20,-0.000373616,-0.00102893,-254.429,-1.12843e-05,-109.833,0,0,0,-2.87457e-16,76.5472,18.9596,-2.41932e-05,-1.89992e-05,0.0116683,-0.869211,126.026,-43.8724,1.63329e-22,5.42007e-05,0.0241673,-2.05717,113.814,-146.28,0,0,0,
0,62.9194,36.2482,0,0,0,2.70791e-16,57.8954,53.9523,0,0,0,5.50293e-16,55.2512,72.5373,0,0,0,8.71391e-16,56.9571,94.4694,0,0,0,1.2135e-15,84.6695,121.009,0,0,0,10.9305,85.0819,129.92,0.000169252,0.000906895,0.0390335,16.101,85.3066,148.202,0.00376796,0.00346968,-0.029658,21.4676,71.0649,159.462,2.6898e-18,-0.012621,0.0206227,18.0454,61.6906,156.88,0,0,0,-10.9305,85.0819,129.92,-0.000691429,-0.000497472,0.0398208,-15.6022,85.8492,148.103,-0.00413081,-0.00536028,-0.0291936,-21.2386,71.653,158.97,-3.61534e-19,0.0140622,0.0188177,-18.1268,61.6736,157.012,0,0,0,51.6124,56.4684,94.5118,-0.000320409,0.000488208,0.00379635,106.917,138.448,156.093,-1.50535e-05,-0.000118294,-0.000837145,152.078,113.71,230.391,-2.33031e-07,-0.00012547,-0.000783745,188.513,37.7555,299.186,-3.0445e-20,-9.21822e-05,-0.000278945,192.824,-1.83628e-06,313.051,0,0,0,-51.6124,56.4684,94.5118,0.000320427,-0.000488244,0.00379655,-106.917,138.448,156.092,1.50485e-05,0.0001183,-0.000837193,-152.077,113.71,230.391,2.31745e-07,0.000125484,-0.000783788,-188.512,37.7549,299.186,1.6254e-20,9.21957e-05,-0.000278955,-192.823,-4.19248e-06,313.051,0,0,0,50.6909,58.0038,71.8174,-0.000128644,0.000172081,0.00307979,131.893,137.854,92.2175,-3.03797e-05,-5.21634e-05,-0.000695051,220.21,112.733,126.039,1.01849e-06,-1.53301e-05,-0.000669155,280.782,37.2939,146.849,8.67551e-21,-1.30656e-05,-0.000238787,294.905,-1.80086e-06,152.227,0,0,0,-50.6909,58.0038,71.8174,0.000128769,-0.00017225,0.00308273,-131.893,137.854,92.2177,3.04081e-05,5.22147e-05,-0.000695721,-220.21,112.733,126.039,-1.01897e-06,1.53486e-05,-0.0006698,-280.782,37.2941,146.85,1.37375e-21,1.30786e-05,-0.000239018,-294.905,1.4749e-06,152.228,0,0,0,47.0996,62.2252,45.7424,5.35142e-05,-9.9048e-05,0.00304877,126.826,137.877,30.6627,-1.79739e-05,1.96137e-05,-0.000723382,219.43,113.723,11.8987,-4.0672e-06,5.90823e-05,-0.000713039,282.413,38.1449,-5.51357,-9.56368e-21,5.26951e-05,-0.000256889,296.585,7.14989e-07,-11.4043,0,0,0,-47.0996,62.2252,45.7424,-5.34444e-05,9.8923e-05,0.00304549,-126.826,137.877,30.6621,1.79562e-05,-1.95872e-05,-0.000722602,-219.429,113.723,11.8987,4.06211e-06,-5.90144e-05,-0.00071227,-282.413,38.1445,-5.51338,1.69755e-21,-5.26341e-05,-0.000256611,-296.585,2.9212e-06,-11.4037,0,0,0,41.2618,65.5486,29.5899,0.000118212,-0.000227088,0.00152743,106.695,144.657,1.40045,-1.29895e-05,4.36056e-05,-0.000361991,188.524,117.89,-48.181,3.30728e-06,8.71658e-05,-0.000347906,242.106,43.2067,-95.4087,1.45397e-20,4.9446e-05,-0.000136164,254.428,-4.48983e-06,-109.833,0,0,0,-41.2618,65.5485,29.5899,-0.000118263,0.000227185,0.00152813,-106.695,144.657,1.40018,1.29955e-05,-4.36244e-05,-0.000362157,-188.524,117.89,-48.1809,-3.30964e-06,-8.72045e-05,-0.000348065,-242.106,43.2069,-95.4088,4.60058e-21,-4.94656e-05,-0.000136228,-254.429,-5.46668e-06,-109.833,0,0,0,-2.87457e-16,80.5386,18.9596,-7.57387e-06,-4.14973e-06,0.00394489,-0.88205,129.04,-44.629,4.29964e-23,1.42645e-05,0.00636091,-2.05717,111.617,-146.28,0,0,0,
