0,0,0,0.612654,92.5479,-1.01497,-2.30926e-14,3.03211,-35.9812,2.66454e-15,-3.27677,-6.18424,8.88178e-16,-14.5542,-4.85139,7.99361e-15,-27.1498,1.01715,-3.94953e-15,-14.6564,-10.3204,13.6887,-4.48836,-16.6467,-2.22495,-30.2311,-2.46804,-0.0651647,-10.0365,-13.8594,-2.29354,-29.8826,-3.11491,-1.77636e-15,-10.5078,12.194,-14.5703,-8.96536,-15.6262,2.14833,-30.2375,-2.45695,-0.0139763,-10.026,-13.8672,2.21016,-29.8899,-3.10507,0,-9.58982,10.7862,2.6588e-15,-1.84109,11.9742,3.68769,3.8211,15.411,6.39805e-16,-0.109472,2.88143,-0.775782,9.67002,18.7177,-7.99361e-15,11.0802,12.4233,-1.33227e-14,9.06565,16.9561,2.29449e-15,-26.1193,10.3335,-7.54256,-7.06185,10.9433,7.53961,-7.06185,10.9433,4.30558e-15,-30.1965,19.3906,5.99194,1.19287,8.75953,1.18455,3.26856,2.03631,-5.64075,0.784706,7.92971,-1.53573,3.67672,2.86614,-1.05176e-14,20.291,8.86305,11.8517,-29.3107,30.8773,-0.259215,-29.6315,-6.19943,-0.193056,-22.0921,-4.62209,1.19301,-11.4217,6.70786,-13.9896,-14.3424,29.8563,0.22175,-29.6317,-6.1995,0.165114,-22.0923,-4.62215,-1.19785,-11.4195,6.68336,-6.35482e-15,-10.9498,30.9599,-5.71502e-15,-26.1943,0.182669,-2.30762e-15,9.52482,5.81466,3.51181e-16,-25.7491,0.168829,
0,0,0,0.75277,92.4753,-0.941885,-1.33227e-14,3.03211,-35.9812,8.88178e-16,-3.27677,-6.18424,4.44089e-16,-14.5542,-4.85139,9.32587e-15,-27.1498,1.01715,-3.94953e-15,-14.6564,-10.3204,13.669,-4.6247,-16.4537,-2.22495,-30.2311,-2.46804,-0.0651647,-10.0365,-13.8594,-2.29354,-29.8826,-3.11491,-1.77636e-15,-10.5078,12.194,-14.5862,-8.78266,-15.6038,2.14833,-30.2375,-2.45695,-0.0139763,-10.026,-13.8672,2.21016,-29.8899,-3.10507,0,-9.58982,10.7862,2.6588e-15,-1.84109,11.9742,3.64036,3.81262,15.4188,6.39805e-16,-0.109472,2.88143,-0.679585,9.71465,18.6992,-8.21565e-15,11.0802,12.4233,-1.73195e-14,9.06565,16.9561,2.29449e-15,-26.1193,10.3335,-7.54256,-7.06185,10.9433,7.53961,-7.06185,10.9433,4.30558e-15,-30.1965,19.3906,5.99194,1.19287,8.75953,1.18455,3.26856,2.03631,-5.64075,0.784706,7.92971,-1.53573,3.67672,2.86614,-1.06524e-14,20.2023,8.87464,12.1327,-28.6239,30.1112,-0.259215,-29.6315,-6.19943,-0.193056,-22.0921,-4.62209,1.19301,-11.4217,6.70786,-13.7968,-14.8793,29.8523,0.22175,-29.6317,-6.1995,0.165114,-22.0923,-4.62215,-1.19785,-11.4195,6.68336,-6.35482e-15,-10.9498,30.9599,-5.71502e-15,-26.1943,0.182669,-2.30762e-15,9.52482,5.81466,3.51181e-16,-25.7491,0.168829,
0,0,0,0.971119,92.4026,-0.811753,-3.55271e-15,3.03211,-35.9812,-8.88178e-16,-3.27677,-6.18424,0,-14.5542,-4.85139,1.06581e-14,-27.1498,1.01715,-3.94953e-15,-14.6564,-10.3204,13.6309,-4.88829,-16.0808,-2.22495,-30.2311,-2.46804,-0.0651647,-10.0365,-13.8594,-2.29354,-29.8826,-3.11491,-1.77636e-15,-10.5078,12.194,-14.6126,-8.47816,-15.5664,2.14833,-30.2375,-2.45695,-0.0139763,-10.026,-13.8672,2.21016,-29.8899,-3.10507,0,-9.58982,10.7862,2.6588e-15,-1.84109,11.9742,3.52712,3.80414,15.4355,6.39805e-16,-0.109472,2.88143,-0.50888,9.75928,18.6807,-8.43769e-15,11.0802,12.4233,-2.13163e-14,9.06565,16.9561,2.29449e-15,-26.1193,10.3335,-7.54256,-7.06185,10.9433,7.53961,-7.06185,10.9433,4.30558e-15,-30.1965,19.3906,5.99194,1.19287,8.75953,1.18455,3.26856,2.03631,-5.64075,0.784706,7.92971,-1.53573,3.67672,2.86614,-1.1018e-14,20.111,8.88772,12.6208,-27.3152,28.6318,-0.259215,-29.6315,-6.19943,-0.193056,-22.0921,-4.62209,1.19301,-11.4217,6.70786,-13.4465,-15.9633,29.8241,0.22175,-29.6317,-6.1995,0.165114,-22.0923,-4.62215,-1.19785,-11.4195,6.68336,-6.35482e-15,-10.9498,30.9599,-5.71502e-15,-26.1943,0.182669,-2.30762e-15,9.52482,5.81466,3.51181e-16,-25.7491,0.168829,
0,0,0,1.117,92.5459,-0.688347,-7.10543e-15,3.03211,-35.9812,-8.88178e-16,-3.27677,-6.18424,-8.88178e-16,-14.5542,-4.85139,3.55271e-15,-27.1498,1.01715,-3.94953e-15,-14.6564,-10.3204,13.5898,-5.17363,-15.6771,-2.22495,-30.2311,-2.46804,-0.0651647,-10.0365,-13.8594,-2.29354,-29.8826,-3.11491,-1.77636e-15,-10.5078,12.194,-14.6338,-8.23456,-15.5366,2.14833,-30.2375,-2.45695,-0.0139763,-10.026,-13.8672,2.21016,-29.8899,-3.10507,0,-9.58982,10.7862,2.6588e-15,-1.84109,11.9742,3.36658,3.80426,15.4571,6.39805e-16,-0.109472,2.88143,-0.350188,9.75911,18.6812,-9.54792e-15,11.0802,12.4233,-1.59872e-14,9.06565,16.9561,2.29449e-15,-26.1193,10.3335,-7.54256,-7.06185,10.9433,7.53961,-7.06185,10.9433,4.30558e-15,-30.1965,19.3906,5.99194,1.19287,8.75953,1.18455,3.26856,2.03631,-5.64075,0.784706,7.92971,-1.53573,3.67672,2.86614,-1.15569e-14,20.0183,8.90166,13.0721,-25.5151,26.9388,-0.259215,-29.6315,-6.19943,-0.193056,-22.0921,-4.62209,1.19301,-11.4217,6.70786,-13.099,-17.2906,29.7546,0.22175,-29.6317,-6.1995,0.165114,-22.0923,-4.62215,-1.19785,-11.4195,6.68336,-6.35482e-15,-10.9498,30.9599,-5.71502e-15,-26.1943,0.182669,-2.30762e-15,9.52482,5.81466,3.51181e-16,-25.7491,0.168829,
0,0,0,1.23852,92.8468,-0.558565,-1.06581e-14,3.03211,-35.9812,-8.88178e-16,-3.27677,-6.18424,-1.77636e-15,-14.5542,-4.85139,-3.55271e-15,-27.1498,1.01715,-3.94953e-15,-14.6564,-10.3204,13.5417,-5.5063,-15.2064,-2.22495,-30.2311,-2.46804,-0.0651647,-10.0365,-13.8594,-2.29354,-29.8826,-3.11491,-1.77636e-15,-10.5078,12.194,-14.655,-7.99096,-15.5067,2.14833,-30.2375,-2.45695,-0.0139763,-10.026,-13.8672,2.21016,-29.8899,-3.10507,0,-9.58982,10.7862,2.6588e-15,-1.84109,11.9742,3.16034,3.80511,15.483,6.39805e-16,-0.109472,2.88143,-0.179717,9.7579,18.6846,-1.06581e-14,11.0802,12.4233,-1.06581e-14,9.06565,16.9561,2.29449e-15,-26.1193,10.3335,-7.54256,-7.06185,10.9433,7.53961,-7.06185,10.9433,4.30558e-15,-30.1965,19.3906,5.99194,1.19287,8.75953,1.18455,3.26856,2.03631,-5.64075,0.784706,7.92971,-1.53573,3.67672,2.86614,-1.22112e-14,19.9253,8.9158,13.5095,-24.3367,25.1708,-0.259215,-29.6315,-6.19943,-0.193056,-22.0921,-4.62209,1.19301,-11.4217,6.70786,-12.73,-18.7193,29.6431,0.22175,-29.6317,-6.1995,0.165114,-22.0923,-4.62215,-1.19785,-11.4195,6.68336,-6.35482e-15,-10.9498,30.9599,-5.71502e-15,-26.1943,0.182669,-2.30762e-15,9.52482,5.81466,3.51181e-16,-25.7491,0.168829,
0,0,0,1.33305,93.2207,-0.427714,-7.10543e-15,3.03211,-35.9812,8.88178e-16,-3.27677,-6.18424,-6.66134e-16,-14.5542,-4.85139,-4.44089e-16,-27.1498,1.01715,-3.94953e-15,-14.6564,-10.3204,13.4877,-5.88056,-14.6769,-2.22495,-30.2311,-2.46804,-0.0651647,-10.0365,-13.8594,-2.29354,-29.8826,-3.11491,-1.77636e-15,-10.5078,12.194,-14.6761,-7.74736,-15.4768,2.14833,-30.2375,-2.45695,-0.0139763,-10.026,-13.8672,2.21016,-29.8899,-3.10507,0,-9.58982,10.7862,2.6588e-15,-1.84109,11.9742,2.91322,3.81175,15.5116,6.39805e-16,-0.109472,2.88143,-0.00151375,9.72254,18.7027,7.10543e-15,11.0802,12.4233,7.10543e-15,9.06565,16.9561,2.29449e-15,-26.1193,10.3335,-7.54256,-7.06185,10.9433,7.53961,-7.06185,10.9433,4.30558e-15,-30.1965,19.3906,5.99194,1.19287,8.75953,1.18455,3.26856,2.03631,-5.64075,0.784706,7.92971,-1.53573,3.67672,2.86614,-1.29233e-14,19.833,8.92952,13.8707,-24.3563,23.5992,-0.259215,-29.6315,-6.19943,-0.193056,-22.0921,-4.62209,1.19301,-11.4217,6.70786,-12.3643,-19.9545,29.4902,0.22175,-29.6317,-6.1995,0.165114,-22.0923,-4.62215,-1.19785,-11.4195,6.68336,-6.35482e-15,-10.9498,30.9599,-5.71502e-15,-26.1943,0.182669,-2.30762e-15,9.52482,5.81466,3.51181e-16,-25.7491,0.168829,
0,0,0,1.40205,93.6638,-0.30435,-3.55271e-15,3.03211,-35.9812,2.66454e-15,-3.27677,-6.18424,4.44089e-16,-14.5542,-4.85139,2.66454e-15,-27.1498,1.01715,-3.94953e-15,-14.6564,-10.3204,13.4294,-6.28499,-14.1047,-2.22495,-30.2311,-2.46804,-0.0651647,-10.0365,-13.8594,-2.29354,-29.8826,-3.11491,-1.77636e-15,-10.5078,12.194,-14.6973,-7.50376,-15.447,2.14833,-30.2375,-2.45695,-0.0139763,-10.026,-13.8672,2.21016,-29.8899,-3.10507,0,-9.58982,10.7862,2.6588e-15,-1.84109,11.9742,2.63414,3.82496,15.5412,6.39805e-16,-0.109472,2.88143,0.181424,9.64479,18.737,2.4869e-14,11.0802,12.4233,2.4869e-14,9.06565,16.9561,2.29449e-15,-26.1193,10.3335,-7.54256,-7.06185,10.9433,7.53961,-7.06185,10.9433,4.30558e-15,-30.1965,19.3906,5.99194,1.19287,8.75953,1.18455,3.26856,2.03631,-5.64075,0.784706,7.92971,-1.53573,3.67672,2.86614,-1.36353e-14,19.7425,8.94218,14.1672,-24.4935,22.3258,-0.259215,-29.6315,-6.19943,-0.193056,-22.0921,-4.62209,1.19301,-11.4217,6.70786,-12.0145,-21.152,29.2936,0.22175,-29.6317,-6.1995,0.165114,-22.0923,-4.62215,-1.19785,-11.4195,6.68336,-6.35482e-15,-10.9498,30.9599,-5.71502e-15,-26.1943,0.182669,-2.30762e-15,9.52482,5.81466,3.51181e-16,-25.7491,0.168829,
0,0,0,1.44784,94.1516,-0.197398,-4.44089e-15,3.03211,-35.9812,1.33227e-15,-3.27677,-6.18424,1.33227e-15,-14.5542,-4.85139,2.22045e-15,-27.1498,1.01715,-3.94953e-15,-14.6564,-10.3204,13.3688,-6.70484,-13.5107,-2.22495,-30.2311,-2.46804,-0.0651647,-10.0365,-13.8594,-2.29354,-29.8826,-3.11491,-1.77636e-15,-10.5078,12.194,-14.7228,-7.25387,-15.4159,2.14833,-30.2375,-2.45695,-0.0139763,-10.026,-13.8672,2.21016,-29.8899,-3.10507,0,-9.58982,10.7862,2.6588e-15,-1.84109,11.9742,2.33418,3.84194,15.5697,6.39805e-16,-0.109472,2.88143,0.365371,9.54439,18.7814,-2.88658e-15,11.0802,12.4233,-4.44089e-15,9.06565,16.9561,2.29449e-15,-26.1193,10.3335,-7.54256,-7.06185,10.9433,7.53961,-7.06185,10.9433,4.30558e-15,-30.1965,19.3906,5.99194,1.19287,8.75953,1.18455,3.26856,2.03631,-5.64075,0.784706,7.92971,-1.53573,3.67672,2.86614,-1.42897e-14,19.6548,8.95313,14.382,-25.1041,21.6679,-0.259215,-29.6315,-6.19943,-0.193056,-22.0921,-4.62209,1.19301,-11.4217,6.70786,-11.7005,-22.3846,29.0533,0.22175,-29.6317,-6.1995,0.165114,-22.0923,-4.62215,-1.19785,-11.4195,6.68336,-6.35482e-15,-10.9498,30.9599,-5.71502e-15,-26.1943,0.182669,-2.30762e-15,9.52482,5.81466,3.51181e-16,-25.7491,0.168829,
0,0,0,1.46529,94.6615,-0.111067,-5.32907e-15,3.03211,-35.9812,0,-3.27677,-6.18424,2.22045e-15,-14.5542,-4.85139,1.77636e-15,-27.1498,1.01715,-3.94953e-15,-14.6564,-10.3204,13.3053,-7.14441,-12.8888,-2.22495,-30.2311,-2.46804,-0.0651647,-10.0365,-13.8594,-2.29354,-29.8826,-3.11491,-1.77636e-15,-10.5078,12.194,-14.7396,-7.01656,-15.3872,2.14833,-30.2375,-2.45695,-0.0139763,-10.026,-13.8672,2.21016,-29.8899,-3.10507,0,-9.58982,10.7862,2.6588e-15,-1.84109,11.9742,2.01161,3.8636,15.5967,6.39805e-16,-0.109472,2.88143,0.548464,9.41047,18.839,-3.06422e-14,11.0802,12.4233,-3.37508e-14,9.06565,16.9561,2.29449e-15,-26.1193,10.3335,-7.54256,-7.06185,10.9433,7.53961,-7.06185,10.9433,4.30558e-15,-30.1965,19.3906,5.99194,1.19287,8.75953,1.18455,3.26856,2.03631,-5.64075,0.784706,7.92971,-1.53573,3.67672,2.86614,-1.48285e-14,19.5711,8.96175,14.539,-26.0319,21.2499,-0.259215,-29.6315,-6.19943,-0.193056,-22.0921,-4.62209,1.19301,-11.4217,6.70786,-11.4247,-23.6056,28.7627,0.22175,-29.6317,-6.1995,0.165114,-22.0923,-4.62215,-1.19785,-11.4195,6.68336,-6.35482e-15,-10.9498,30.9599,-5.71502e-15,-26.1943,0.182669,-2.30762e-15,9.52482,5.81466,3.51181e-16,-25.7491,0.168829,
0,0,0,1.46287,95.1758,-0.0487839,-3.10862e-15,3.03211,-35.9812,-1.33227e-15,-3.27677,-6.18424,-1.05471e-15,-14.5542,-4.85139,-1.11022e-15,-27.1498,1.01715,-3.94953e-15,-14.6564,-10.3204,13.2385,-7.60774,-12.2333,-2.22495,-30.2311,-2.46804,-0.0651647,-10.0365,-13.8594,-2.29354,-29.8826,-3.11491,-1.77636e-15,-10.5078,12.194,-14.7416,-6.8094,-15.3645,2.14833,-30.2375,-2.45695,-0.0139763,-10.026,-13.8672,2.21016,-29.8899,-3.10507,0,-9.58982,10.7862,2.6588e-15,-1.84109,11.9742,1.66485,3.88941,15.6215,6.39805e-16,-0.109472,2.88143,0.731187,9.24207,18.91,-1.11022e-14,11.0802,12.4233,-1.24345e-14,9.06565,16.9561,2.29449e-15,-26.1193,10.3335,-7.54256,-7.06185,10.9433,7.53961,-7.06185,10.9433,4.30558e-15,-30.1965,19.3906,5.99194,1.19287,8.75953,1.18455,3.26856,2.03631,-5.64075,0.784706,7.92971,-1.53573,3.67672,2.86614,-1.51942e-14,19.4925,8.96739,14.6553,-27.016,20.7606,-0.259215,-29.6315,-6.19943,-0.193056,-22.0921,-4.62209,1.19301,-11.4217,6.70786,-11.1926,-24.806,28.417,0.22175,-29.6317,-6.1995,0.165114,-22.0923,-4.62215,-1.19785,-11.4195,6.68336,-6.35482e-15,-10.9498,30.9599,-5.71502e-15,-26.1943,0.182669,-2.30762e-15,9.52482,5.81466,3.51181e-16,-25.7491,0.168829,
0,0,0,1.44597,95.655,-0.021817,-8.88178e-16,3.03211,-35.9812,-2.66454e-15,-3.27677,-6.18424,-4.32987e-15,-14.5542,-4.85139,-3.9968e-15,-27.1498,1.01715,-3.94953e-15,-14.6564,-10.3204,13.1702,-8.0809,-11.5639,-2.22495,-30.2311,-2.46804,-0.0651647,-10.0365,-13.8594,-2.29354,-29.8826,-3.11491,-1.77636e-15,-10.5078,12.194,-14.7419,-6.6301,-15.3461,2.14833,-30.2375,-2.45695,-0.0139763,-10.026,-13.8672,2.21016,-29.8899,-3.10507,0,-9.58982,10.7862,2.6588e-15,-1.84109,11.9742,1.30446,3.92083,15.643,6.39805e-16,-0.109472,2.88143,0.90277,9.02907,18.9976,8.43769e-15,11.0802,12.4233,8.88178e-15,9.06565,16.9561,2.29449e-15,-26.1193,10.3335,-7.54256,-7.06185,10.9433,7.53961,-7.06185,10.9433,4.30558e-15,-30.1965,19.3906,5.99194,1.19287,8.75953,1.18455,3.26856,2.03631,-5.64075,0.784706,7.92971,-1.53573,3.67672,2.86614,-1.53289e-14,19.42,8.96941,14.7345,-27.9717,20.324,-0.259215,-29.6315,-6.19943,-0.193056,-22.0921,-4.62209,1.19301,-11.4217,6.70786,-11.0153,-25.9451,28.0099,0.22175,-29.6317,-6.1995,0.165114,-22.0923,-4.62215,-1.19785,-11.4195,6.68336,-6.35482e-15,-10.9498,30.9599,-5.71502e-15,-26.1943,0.182669,-2.30762e-15,9.52482,5.81466,3.51181e-16,-25.7491,0.168829,
0,0,0,1.40381,96.058,-0.0388647,-3.10862e-15,3.03211,-35.9812,-1.88738e-15,-3.27677,-6.18424,-4.38538e-15,-14.5542,-4.85139,-3.21965e-15,-27.1498,1.01715,-3.94953e-15,-14.6564,-10.3204,13.1018,-8.55475,-10.8934,-2.22495,-30.2311,-2.46804,-0.0651647,-10.0365,-13.8594,-2.29354,-29.8826,-3.11491,-1.77636e-15,-10.5078,12.194,-14.7377,-6.48005,-15.3309,2.14833,-30.2375,-2.45695,-0.0139763,-10.026,-13.8672,2.21016,-29.8899,-3.10507,0,-9.58982,10.7862,2.6588e-15,-1.84109,11.9742,0.937751,3.95985,15.6599,6.39805e-16,-0.109472,2.88143,1.05211,8.75706,19.1077,1.06026e-14,11.0802,12.4233,1.15463e-14,9.06565,16.9561,2.29449e-15,-26.1193,10.3335,-7.54256,-7.06185,10.9433,7.53961,-7.06185,10.9433,4.30558e-15,-30.1965,19.3906,5.99194,1.19287,8.75953,1.18455,3.26856,2.03631,-5.64075,0.784706,7.92971,-1.53573,3.67672,2.86614,-1.5084e-14,19.3486,8.96778,14.7888,-28.7106,19.9654,-0.259215,-29.6315,-6.19943,-0.193056,-22.0921,-4.62209,1.19301,-11.4217,6.70786,-10.9044,-26.9951,27.5227,0.22175,-29.6317,-6.1995,0.165114,-22.0923,-4.62215,-1.19785,-11.4195,6.68336,-6.35482e-15,-10.9498,30.9599,-5.71502e-15,-26.1943,0.182669,-2.30762e-15,9.52482,5.81466,3.51181e-16,-25.7491,0.168829,
0,0,0,1.34065,96.3711,-0.0879189,-5.32907e-15,3.03211,-35.9812,-1.11022e-15,-3.27677,-6.18424,-4.44089e-15,-14.5542,-4.85139,-2.44249e-15,-27.1498,1.01715,-3.94953e-15,-14.6564,-10.3204,13.0348,-9.01897,-10.2367,-2.22495,-30.2311,-2.46804,-0.0651647,-10.0365,-13.8594,-2.29354,-29.8826,-3.11491,-1.77636e-15,-10.5078,12.194,-14.7283,-6.3658,-15.3201,2.14833,-30.2375,-2.45695,-0.0139763,-10.026,-13.8672,2.21016,-29.8899,-3.10507,0,-9.58982,10.7862,2.6588e-15,-1.84109,11.9742,0.572955,4.00435,15.6731,6.39805e-16,-0.109472,2.88143,1.1807,8.43791,19.2328,1.27676e-14,11.0802,12.4233,1.42109e-14,9.06565,16.9561,2.29449e-15,-26.1193,10.3335,-7.54256,-7.06185,10.9433,7.53961,-7.06185,10.9433,4.30558e-15,-30.1965,19.3906,5.99194,1.19287,8.75953,1.18455,3.26856,2.03631,-5.64075,0.784706,7.92971,-1.53573,3.67672,2.86614,-1.44384e-14,19.2755,8.96349,14.8093,-29.283,19.6693,-0.259215,-29.6315,-6.19943,-0.193056,-22.0921,-4.62209,1.19301,-11.4217,6.70786,-10.8636,-27.9091,26.9876,0.22175,-29.6317,-6.1995,0.165114,-22.0923,-4.62215,-1.19785,-11.4195,6.68336,-6.35482e-15,-10.9498,30.9599,-5.71502e-15,-26.1943,0.182669,-2.30762e-15,9.52482,5.81466,3.51181e-16,-25.7491,0.168829,
0,0,0,1.26069,96.5698,-0.173597,-1.02141e-14,3.03211,-35.9812,-3.33067e-16,-3.27677,-6.18424,-1.9984e-15,-14.5542,-4.85139,-6.66134e-16,-27.1498,1.01715,-3.94953e-15,-14.6564,-10.3204,12.9714,-9.45844,-9.61488,-2.22495,-30.2311,-2.46804,-0.0651647,-10.0365,-13.8594,-2.29354,-29.8826,-3.11491,-1.77636e-15,-10.5078,12.194,-14.7162,-6.29298,-15.3144,2.14833,-30.2375,-2.45695,-0.0139763,-10.026,-13.8672,2.21016,-29.8899,-3.10507,0,-9.58982,10.7862,2.6588e-15,-1.84109,11.9742,0.222505,4.0533,15.6825,6.39805e-16,-0.109472,2.88143,1.28449,8.0747,19.3693,1.00475e-14,11.0802,12.4233,1.15463e-14,9.06565,16.9561,2.29449e-15,-26.1193,10.3335,-7.54256,-7.06185,10.9433,7.53961,-7.06185,10.9433,4.30558e-15,-30.1965,19.3906,5.99194,1.19287,8.75953,1.18455,3.26856,2.03631,-5.64075,0.784706,7.92971,-1.53573,3.67672,2.86614,-1.35256e-14,19.205,8.95743,14.8066,-29.6357,19.4356,-0.259215,-29.6315,-6.19943,-0.193056,-22.0921,-4.62209,1.19301,-11.4217,6.70786,-10.8802,-28.6272,26.4243,0.22175,-29.6317,-6.1995,0.165114,-22.0923,-4.62215,-1.19785,-11.4195,6.68336,-6.35482e-15,-10.9498,30.9599,-5.71502e-15,-26.1943,0.182669,-2.30762e-15,9.52482,5.81466,3.51181e-16,-25.7491,0.168829,
0,0,0,1.16199,96.6448,-0.27787,-1.5099e-14,3.03211,-35.9812,4.44089e-16,-3.27677,-6.18424,4.44089e-16,-14.5542,-4.85139,1.11022e-15,-27.1498,1.01715,-3.94953e-15,-14.6564,-10.3204,12.9108,-9.87839,-9.02074,-2.22495,-30.2311,-2.46804,-0.0651647,-10.0365,-13.8594,-2.29354,-29.8826,-3.11491,-1.77636e-15,-10.5078,12.194,-14.7006,-6.2657,-15.3129,2.14833,-30.2375,-2.45695,-0.0139763,-10.026,-13.8672,2.21016,-29.8899,-3.10507,0,-9.58982,10.7862,2.6588e-15,-1.84109,11.9742,-0.118844,4.1054,15.6893,6.39805e-16,-0.109472,2.88143,1.36896,7.67938,19.5107,7.32747e-15,11.0802,12.4233,8.88178e-15,9.06565,16.9561,2.29449e-15,-26.1193,10.3335,-7.54256,-7.06185,10.9433,7.53961,-7.06185,10.9433,4.30558e-15,-30.1965,19.3906,5.99194,1.19287,8.75953,1.18455,3.26856,2.03631,-5.64075,0.784706,7.92971,-1.53573,3.67672,2.86614,-1.24792e-14,19.1417,8.95048,14.788,-29.8913,19.2423,-0.259215,-29.6315,-6.19943,-0.193056,-22.0921,-4.62209,1.19301,-11.4217,6.70786,-10.9264,-29.161,25.8522,0.22175,-29.6317,-6.1995,0.165114,-22.0923,-4.62215,-1.19785,-11.4195,6.68336,-6.35482e-15,-10.9498,30.9599,-5.71502e-15,-26.1943,0.182669,-2.30762e-15,9.52482,5.81466,3.51181e-16,-25.7491,0.168829,
0,0,0,1.04339,96.6347,-0.387628,-5.77316e-15,3.03211,-35.9812,1.11022e-15,-3.27677,-6.18424,3.33067e-15,-14.5542,-4.85139,5.88418e-15,-27.1498,1.01715,-3.94953e-15,-14.6564,-10.3204,12.8522,-10.284,-8.44684,-2.22495,-30.2311,-2.46804,-0.0651647,-10.0365,-13.8594,-2.29354,-29.8826,-3.11491,-1.77636e-15,-10.5078,12.194,-14.6814,-6.28511,-15.3166,2.14833,-30.2375,-2.45695,-0.0139763,-10.026,-13.8672,2.21016,-29.8899,-3.10507,0,-9.58982,10.7862,2.6588e-15,-1.84109,11.9742,-0.455968,4.16023,15.6942,6.39805e-16,-0.109472,2.88143,1.44026,7.25756,19.6514,8.10463e-15,11.0802,12.4233,7.32747e-15,9.06565,16.9561,2.29449e-15,-26.1193,10.3335,-7.54256,-7.06185,10.9433,7.53961,-7.06185,10.9433,4.30558e-15,-30.1965,19.3906,5.99194,1.19287,8.75953,1.18455,3.26856,2.03631,-5.64075,0.784706,7.92971,-1.53573,3.67672,2.86614,-1.14328e-14,19.0899,8.94353,14.7424,-30.1735,19.0488,-0.259215,-29.6315,-6.19943,-0.193056,-22.0921,-4.62209,1.19301,-11.4217,6.70786,-11.0013,-29.5148,25.2896,0.22175,-29.6317,-6.1995,0.165114,-22.0923,-4.62215,-1.19785,-11.4195,6.68336,-6.35482e-15,-10.9498,30.9599,-5.71502e-15,-26.1943,0.182669,-2.30762e-15,9.52482,5.81466,3.51181e-16,-25.7491,0.168829,
0,0,0,0.906773,96.5764,-0.49273,3.55271e-15,3.03211,-35.9812,1.77636e-15,-3.27677,-6.18424,6.21725e-15,-14.5542,-4.85139,1.06581e-14,-27.1498,1.01715,-3.94953e-15,-14.6564,-10.3204,12.7979,-10.6602,-7.91457,-2.22495,-30.2311,-2.46804,-0.0651647,-10.0365,-13.8594,-2.29354,-29.8826,-3.11491,-1.77636e-15,-10.5078,12.194,-14.6583,-6.35724,-15.327,2.14833,-30.2375,-2.45695,-0.0139763,-10.026,-13.8672,2.21016,-29.8899,-3.10507,0,-9.58982,10.7862,2.6588e-15,-1.84109,11.9742,-0.777544,4.21411,15.6977,6.39805e-16,-0.109472,2.88143,1.49236,6.83144,19.7855,8.88178e-15,11.0802,12.4233,5.77316e-15,9.06565,16.9561,2.29449e-15,-26.1193,10.3335,-7.54256,-7.06185,10.9433,7.53961,-7.06185,10.9433,4.30558e-15,-30.1965,19.3906,5.99194,1.19287,8.75953,1.18455,3.26856,2.03631,-5.64075,0.784706,7.92971,-1.53573,3.67672,2.86614,-1.052e-14,19.0539,8.93747,14.6756,-30.4262,18.9105,-0.259215,-29.6315,-6.19943,-0.193056,-22.0921,-4.62209,1.19301,-11.4217,6.70786,-11.1,-29.6508,24.7601,0.22175,-29.6317,-6.1995,0.165114,-22.0923,-4.62215,-1.19785,-11.4195,6.68336,-6.35482e-15,-10.9498,30.9599,-5.71502e-15,-26.1943,0.182669,-2.30762e-15,9.52482,5.81466,3.51181e-16,-25.7491,0.168829,
0,0,0,0.752566,96.4411,-0.579209,-8.88178e-16,3.03211,-35.9812,1.11022e-15,-3.27677,-6.18424,1.77636e-15,-14.5542,-4.85139,4.66294e-15,-27.1498,1.01715,-3.94953e-15,-14.6564,-10.3204,12.7495,-10.9961,-7.43936,-2.22495,-30.2311,-2.46804,-0.0651647,-10.0365,-13.8594,-2.29354,-29.8826,-3.11491,-1.77636e-15,-10.5078,12.194,-14.6308,-6.49478,-15.3437,2.14833,-30.2375,-2.45695,-0.0139763,-10.026,-13.8672,2.21016,-29.8899,-3.10507,0,-9.58982,10.7862,2.6588e-15,-1.84109,11.9742,-1.07591,4.26371,15.7002,6.39805e-16,-0.109472,2.88143,1.51956,6.41867,19.9059,6.21725e-15,11.0802,12.4233,5.32907e-15,9.06565,16.9561,2.29449e-15,-26.1193,10.3335,-7.54256,-7.06185,10.9433,7.53961,-7.06185,10.9433,4.30558e-15,-30.1965,19.3906,5.99194,1.19287,8.75953,1.18455,3.26856,2.03631,-5.64075,0.784706,7.92971,-1.53573,3.67672,2.86614,-9.87436e-15,19.0383,8.93318,14.5903,-30.6378,18.8642,-0.259215,-29.6315,-6.19943,-0.193056,-22.0921,-4.62209,1.19301,-11.4217,6.70786,-11.2173,-29.6442,24.2922,0.22175,-29.6317,-6.1995,0.165114,-22.0923,-4.62215,-1.19785,-11.4195,6.68336,-6.35482e-15,-10.9498,30.9599,-5.71502e-15,-26.1943,0.182669,-2.30762e-15,9.52482,5.81466,3.51181e-16,-25.7491,0.168829,
0,0,0,0.583884,96.2595,-0.645426,-5.32907e-15,3.03211,-35.9812,4.44089e-16,-3.27677,-6.18424,-2.66454e-15,-14.5542,-4.85139,-1.33227e-15,-27.1498,1.01715,-3.94953e-15,-14.6564,-10.3204,12.7079,-11.2843,-7.03168,-2.22495,-30.2311,-2.46804,-0.0651647,-10.0365,-13.8594,-2.29354,-29.8826,-3.11491,-1.77636e-15,-10.5078,12.194,-14.5992,-6.68757,-15.3664,2.14833,-30.2375,-2.45695,-0.0139763,-10.026,-13.8672,2.21016,-29.8899,-3.10507,0,-9.58982,10.7862,2.6588e-15,-1.84109,11.9742,-1.34496,4.30747,15.7013,6.39805e-16,-0.109472,2.88143,1.52701,6.0386,20.011,3.55271e-15,11.0802,12.4233,4.88498e-15,9.06565,16.9561,2.29449e-15,-26.1193,10.3335,-7.54256,-7.06185,10.9433,7.53961,-7.06185,10.9433,4.30558e-15,-30.1965,19.3906,5.99194,1.19287,8.75953,1.18455,3.26856,2.03631,-5.64075,0.784706,7.92971,-1.53573,3.67672,2.86614,-9.62946e-15,19.0474,8.93155,14.49,-30.7987,18.8576,-0.259215,-29.6315,-6.19943,-0.193056,-22.0921,-4.62209,1.19301,-11.4217,6.70786,-11.3525,-29.5973,23.8895,0.22175,-29.6317,-6.1995,0.165114,-22.0923,-4.62215,-1.19785,-11.4195,6.68336,-6.35482e-15,-10.9498,30.9599,-5.71502e-15,-26.1943,0.182669,-2.30762e-15,9.52482,5.81466,3.51181e-16,-25.7491,0.168829,
0,0,0,0.404669,96.0493,-0.684649,-3.9968e-15,3.03211,-35.9812,-1.55431e-15,-3.27677,-6.18424,-1.33227e-15,-14.5542,-4.85139,-4.21885e-15,-27.1498,1.01715,-3.94953e-15,-14.6564,-10.3204,12.6748,-11.5136,-6.70721,-2.22495,-30.2311,-2.46804,-0.0651647,-10.0365,-13.8594,-2.29354,-29.8826,-3.11491,-1.77636e-15,-10.5078,12.194,-14.5636,-6.9304,-15.3943,2.14833,-30.2375,-2.45695,-0.0139763,-10.026,-13.8672,2.21016,-29.8899,-3.10507,0,-9.58982,10.7862,2.6588e-15,-1.84109,11.9742,-1.5743,4.3422,15.7012,6.39805e-16,-0.109472,2.88143,1.51058,5.71328,20.0965,3.10862e-15,11.0802,12.4233,2.88658e-15,9.06565,16.9561,2.29449e-15,-26.1193,10.3335,-7.54256,-7.06185,10.9433,7.53961,-7.06185,10.9433,4.30558e-15,-30.1965,19.3906,5.99194,1.19287,8.75953,1.18455,3.26856,2.03631,-5.64075,0.784706,7.92971,-1.53573,3.67672,2.86614,-9.63235e-15,19.0715,8.93141,14.3806,-30.8946,18.9651,-0.259215,-29.6315,-6.19943,-0.193056,-22.0921,-4.62209,1.19301,-11.4217,6.70786,-11.5049,-29.4786,23.5475,0.22175,-29.6317,-6.1995,0.165114,-22.0923,-4.62215,-1.19785,-11.4195,6.68336,-6.35482e-15,-10.9498,30.9599,-5.71502e-15,-26.1943,0.182669,-2.30762e-15,9.52482,5.81466,3.51181e-16,-25.7491,0.168829,
0,0,0,0.212866,95.8207,-0.698189,-2.66454e-15,3.03211,-35.9812,-3.55271e-15,-3.27677,-6.18424,0,-14.5542,-4.85139,-7.10543e-15,-27.1498,1.01715,-3.94953e-15,-14.6564,-10.3204,12.6502,-11.6842,-6.46586,-2.22495,-30.2311,-2.46804,-0.0651647,-10.0365,-13.8594,-2.29354,-29.8826,-3.11491,-1.77636e-15,-10.5078,12.194,-14.5237,-7.22112,-15.4275,2.14833,-30.2375,-2.45695,-0.0139763,-10.026,-13.8672,2.21016,-29.8899,-3.10507,0,-9.58982,10.7862,2.6588e-15,-1.84109,11.9742,-1.76908,4.36941,15.7008,6.39805e-16,-0.109472,2.88143,1.46437,5.4523,20.1629,2.66454e-15,11.0802,12.4233,8.88178e-16,9.06565,16.9561,2.29449e-15,-26.1193,10.3335,-7.54256,-7.06185,10.9433,7.53961,-7.06185,10.9433,4.30558e-15,-30.1965,19.3906,5.99194,1.19287,8.75953,1.18455,3.26856,2.03631,-5.64075,0.784706,7.92971,-1.53573,3.67672,2.86614,-9.64077e-15,19.098,8.93097,14.2576,-30.9277,19.2425,-0.259215,-29.6315,-6.19943,-0.193056,-22.0921,-4.62209,1.19301,-11.4217,6.70786,-11.6685,-29.2822,23.3195,0.22175,-29.6317,-6.1995,0.165114,-22.0923,-4.62215,-1.19785,-11.4195,6.68336,-6.35482e-15,-10.9498,30.9599,-5.71502e-15,-26.1943,0.182669,-2.30762e-15,9.52482,5.81466,3.51181e-16,-25.7491,0.168829,
0,0,0,0.00321618,95.5844,-0.688753,-2.22045e-15,3.03211,-35.9812,-1.33227e-15,-3.27677,-6.18424,-4.44089e-16,-14.5542,-4.85139,-2.66454e-15,-27.1498,1.01715,-3.94953e-15,-14.6564,-10.3204,12.6341,-11.7958,-6.30789,-2.22495,-30.2311,-2.46804,-0.0651647,-10.0365,-13.8594,-2.29354,-29.8826,-3.11491,-1.77636e-15,-10.5078,12.194,-14.4795,-7.55643,-15.4655,2.14833,-30.2375,-2.45695,-0.0139763,-10.026,-13.8672,2.21016,-29.8899,-3.10507,0,-9.58982,10.7862,2.6588e-15,-1.84109,11.9742,-1.93586,4.39192,15.6961,6.39805e-16,-0.109472,2.88143,1.38835,5.25917,20.2079,3.55271e-15,11.0802,12.4233,2.22045e-15,9.06565,16.9561,2.29449e-15,-26.1193,10.3335,-7.54256,-7.06185,10.9433,7.53961,-7.06185,10.9433,4.30558e-15,-30.1965,19.3906,5.99194,1.19287,8.75953,1.18455,3.26856,2.03631,-5.64075,0.784706,7.92971,-1.53573,3.67672,2.86614,-9.65433e-15,19.1267,8.93025,14.1174,-30.8681,19.6634,-0.259215,-29.6315,-6.19943,-0.193056,-22.0921,-4.62209,1.19301,-11.4217,6.70786,-11.8356,-29.0064,23.2424,0.22175,-29.6317,-6.1995,0.165114,-22.0923,-4.62215,-1.19785,-11.4195,6.68336,-6.35482e-15,-10.9498,30.9599,-5.71502e-15,-26.1943,0.182669,-2.30762e-15,9.52482,5.81466,3.51181e-16,-25.7491,0.168829,
0,0,0,-0.210725,95.3559,-0.669238,-1.77636e-15,3.03211,-35.9812,8.88178e-16,-3.27677,-6.18424,-8.88178e-16,-14.5542,-4.85139,1.77636e-15,-27.1498,1.01715,-3.94953e-15,-14.6564,-10.3204,12.6279,-11.8382,-6.2479,-2.22495,-30.2311,-2.46804,-0.0651647,-10.0365,-13.8594,-2.29354,-29.8826,-3.11491,-1.77636e-15,-10.5078,12.194,-14.4298,-7.9345,-15.509,2.14833,-30.2375,-2.45695,-0.0139763,-10.026,-13.8672,2.21016,-29.8899,-3.10507,0,-9.58982,10.7862,2.6588e-15,-1.84109,11.9742,-2.05993,4.40256,15.6891,6.39805e-16,-0.109472,2.88143,1.28878,5.17411,20.2353,4.44089e-15,11.0802,12.4233,3.55271e-15,9.06565,16.9561,2.29449e-15,-26.1193,10.3335,-7.54256,-7.06185,10.9433,7.53961,-7.06185,10.9433,4.30558e-15,-30.1965,19.3906,5.99194,1.19287,8.75953,1.18455,3.26856,2.03631,-5.64075,0.784706,7.92971,-1.53573,3.67672,2.86614,-9.67262e-15,19.1575,8.92928,13.9631,-30.7219,20.2169,-0.259215,-29.6315,-6.19943,-0.193056,-22.0921,-4.62209,1.19301,-11.4217,6.70786,-12.0106,-28.654,23.2314,0.22175,-29.6317,-6.1995,0.165114,-22.0923,-4.62215,-1.19785,-11.4195,6.68336,-6.35482e-15,-10.9498,30.9599,-5.71502e-15,-26.1943,0.182669,-2.30762e-15,9.52482,5.81466,3.51181e-16,-25.7491,0.168829,
0,0,0,-0.420201,95.151,-0.638356,-5.77316e-15,3.03211,-35.9812,-8.88178e-16,-3.27677,-6.18424,-3.55271e-15,-14.5542,-4.85139,-2.22045e-15,-27.1498,1.01715,-3.94953e-15,-14.6564,-10.3204,12.6335,-11.7993,-6.30294,-2.22495,-30.2311,-2.46804,-0.0651647,-10.0365,-13.8594,-2.29354,-29.8826,-3.11491,-1.77636e-15,-10.5078,12.194,-14.3719,-8.36206,-15.5597,2.14833,-30.2375,-2.45695,-0.0139763,-10.026,-13.8672,2.21016,-29.8899,-3.10507,0,-9.58982,10.7862,2.6588e-15,-1.84109,11.9742,-2.12444,4.40217,15.683,6.39805e-16,-0.109472,2.88143,1.17078,5.17416,20.2475,2.66454e-15,11.0802,12.4233,0,9.06565,16.9561,2.29449e-15,-26.1193,10.3335,-7.54256,-7.06185,10.9433,7.53961,-7.06185,10.9433,4.30558e-15,-30.1965,19.3906,5.99194,1.19287,8.75953,1.18455,3.26856,2.03631,-5.64075,0.784706,7.92971,-1.53573,3.67672,2.86614,-9.69525e-15,19.1903,8.92807,13.7969,-30.503,20.902,-0.259215,-29.6315,-6.19943,-0.193056,-22.0921,-4.62209,1.19301,-11.4217,6.70786,-12.197,-28.2189,23.3214,0.22175,-29.6317,-6.1995,0.165114,-22.0923,-4.62215,-1.19785,-11.4195,6.68336,-6.35482e-15,-10.9498,30.9599,-5.71502e-15,-26.1943,0.182669,-2.30762e-15,9.52482,5.81466,3.51181e-16,-25.7491,0.168829,
0,0,0,-0.616076,94.98,-0.617554,-9.76996e-15,3.03211,-35.9812,-2.66454e-15,-3.27677,-6.18424,-6.21725e-15,-14.5542,-4.85139,-6.21725e-15,-27.1498,1.01715,-3.94953e-15,-14.6564,-10.3204,12.649,-11.6922,-6.45454,-2.22495,-30.2311,-2.46804,-0.0651647,-10.0365,-13.8594,-2.29354,-29.8826,-3.11491,-1.77636e-15,-10.5078,12.194,-14.3108,-8.8101,-15.6133,2.14833,-30.2375,-2.45695,-0.0139763,-10.026,-13.8672,2.21016,-29.8899,-3.10507,0,-9.58982,10.7862,2.6588e-15,-1.84109,11.9742,-2.1423,4.39951,15.6796,6.39805e-16,-0.109472,2.88143,1.03774,5.17451,20.2492,8.88178e-16,11.0802,12.4233,-3.55271e-15,9.06565,16.9561,2.29449e-15,-26.1193,10.3335,-7.54256,-7.06185,10.9433,7.53961,-7.06185,10.9433,4.30558e-15,-30.1965,19.3906,5.99194,1.19287,8.75953,1.18455,3.26856,2.03631,-5.64075,0.784706,7.92971,-1.53573,3.67672,2.86614,-9.72183e-15,19.225,8.92662,13.6177,-30.2343,21.6629,-0.259215,-29.6315,-6.19943,-0.193056,-22.0921,-4.62209,1.19301,-11.4217,6.70786,-12.3885,-27.726,23.5058,0.22175,-29.6317,-6.1995,0.165114,-22.0923,-4.62215,-1.19785,-11.4195,6.68336,-6.35482e-15,-10.9498,30.9599,-5.71502e-15,-26.1943,0.182669,-2.30762e-15,9.52482,5.81466,3.51181e-16,-25.7491,0.168829,
0,0,0,-0.784161,94.8484,-0.619409,-1.28786e-14,3.03211,-35.9812,-2.66454e-15,-3.27677,-6.18424,-3.10862e-15,-14.5542,-4.85139,-4.44089e-15,-27.1498,1.01715,-3.94953e-15,-14.6564,-10.3204,12.6736,-11.5217,-6.69572,-2.22495,-30.2311,-2.46804,-0.0651647,-10.0365,-13.8594,-2.29354,-29.8826,-3.11491,-1.77636e-15,-10.5078,12.194,-14.2512,-9.2486,-15.6655,2.14833,-30.2375,-2.45695,-0.0139763,-10.026,-13.8672,2.21016,-29.8899,-3.10507,0,-9.58982,10.7862,2.6588e-15,-1.84109,11.9742,-2.10053,4.39285,15.6799,6.39805e-16,-0.109472,2.88143,0.895107,5.21946,20.2447,2.22045e-15,11.0802,12.4233,8.88178e-16,9.06565,16.9561,2.29449e-15,-26.1193,10.3335,-7.54256,-7.06185,10.9433,7.53961,-7.06185,10.9433,4.30558e-15,-30.1965,19.3906,5.99194,1.19287,8.75953,1.18455,3.26856,2.03631,-5.64075,0.784706,7.92971,-1.53573,3.67672,2.86614,-9.75196e-15,19.2613,8.92497,13.4257,-29.9464,22.4372,-0.259215,-29.6315,-6.19943,-0.193056,-22.0921,-4.62209,1.19301,-11.4217,6.70786,-12.5777,-27.1994,23.7262,0.22175,-29.6317,-6.1995,0.165114,-22.0923,-4.62215,-1.19785,-11.4195,6.68336,-6.35482e-15,-10.9498,30.9599,-5.71502e-15,-26.1943,0.182669,-2.30762e-15,9.52482,5.81466,3.51181e-16,-25.7491,0.168829,
0,0,0,-0.930864,94.7877,-0.63239,-1.59872e-14,3.03211,-35.9812,-2.66454e-15,-3.27677,-6.18424,0,-14.5542,-4.85139,-2.66454e-15,-27.1498,1.01715,-3.94953e-15,-14.6564,-10.3204,12.7067,-11.2923,-7.02037,-2.22495,-30.2311,-2.46804,-0.0651647,-10.0365,-13.8594,-2.29354,-29.8826,-3.11491,-1.77636e-15,-10.5078,12.194,-14.1916,-9.6873,-15.7178,2.14833,-30.2375,-2.45695,-0.0139763,-10.026,-13.8672,2.21016,-29.8899,-3.10507,0,-9.58982,10.7862,2.6588e-15,-1.84109,11.9742,-1.99658,4.38218,15.6819,6.39805e-16,-0.109472,2.88143,0.741771,5.31409,20.2318,3.55271e-15,11.0802,12.4233,5.32907e-15,9.06565,16.9561,2.29449e-15,-26.1193,10.3335,-7.54256,-7.06185,10.9433,7.53961,-7.06185,10.9433,4.30558e-15,-30.1965,19.3906,5.99194,1.19287,8.75953,1.18455,3.26856,2.03631,-5.64075,0.784706,7.92971,-1.53573,3.67672,2.86614,-9.78525e-15,19.2993,8.92311,13.2197,-29.6298,23.2438,-0.259215,-29.6315,-6.19943,-0.193056,-22.0921,-4.62209,1.19301,-11.4217,6.70786,-12.7705,-26.635,23.9861,0.22175,-29.6317,-6.1995,0.165114,-22.0923,-4.62215,-1.19785,-11.4195,6.68336,-6.35482e-15,-10.9498,30.9599,-5.71502e-15,-26.1943,0.182669,-2.30762e-15,9.52482,5.81466,3.51181e-16,-25.7491,0.168829,
0,0,0,-1.05848,94.7891,-0.687518,-1.24345e-14,3.03211,-35.9812,-3.9968e-15,-3.27677,-6.18424,8.88178e-16,-14.5542,-4.85139,-1.33227e-15,-27.1498,1.01715,-3.94953e-15,-14.6564,-10.3204,12.7479,-11.0069,-7.42406,-2.22495,-30.2311,-2.46804,-0.0651647,-10.0365,-13.8594,-2.29354,-29.8826,-3.11491,-1.77636e-15,-10.5078,12.194,-14.1332,-10.1251,-15.7694,2.14833,-30.2375,-2.45695,-0.0139763,-10.026,-13.8672,2.21016,-29.8899,-3.10507,0,-9.58982,10.7862,2.6588e-15,-1.84109,11.9742,-1.84378,4.36733,15.6869,6.39805e-16,-0.109472,2.88143,0.576939,5.43054,20.2111,3.9968e-15,11.0802,12.4233,8.88178e-16,9.06565,16.9561,2.29449e-15,-26.1193,10.3335,-7.54256,-7.06185,10.9433,7.53961,-7.06185,10.9433,4.30558e-15,-30.1965,19.3906,5.99194,1.19287,8.75953,1.18455,3.26856,2.03631,-5.64075,0.784706,7.92971,-1.53573,3.67672,2.86614,-9.82131e-15,19.3388,8.92107,12.9964,-29.2813,24.0895,-0.259215,-29.6315,-6.19943,-0.193056,-22.0921,-4.62209,1.19301,-11.4217,6.70786,-12.9726,-26.0362,24.2695,0.22175,-29.6317,-6.1995,0.165114,-22.0923,-4.62215,-1.19785,-11.4195,6.68336,-6.35482e-15,-10.9498,30.9599,-5.71502e-15,-26.1943,0.182669,-2.30762e-15,9.52482,5.81466,3.51181e-16,-25.7491,0.168829,
0,0,0,-1.16516,94.7983,-0.784807,-8.88178e-15,3.03211,-35.9812,-5.32907e-15,-3.27677,-6.18424,1.77636e-15,-14.5542,-4.85139,0,-27.1498,1.01715,-3.94953e-15,-14.6564,-10.3204,12.7959,-10.6743,-7.89474,-2.22495,-30.2311,-2.46804,-0.0651647,-10.0365,-13.8594,-2.29354,-29.8826,-3.11491,-1.77636e-15,-10.5078,12.194,-14.0723,-10.5645,-15.8223,2.14833,-30.2375,-2.45695,-0.0139763,-10.026,-13.8672,2.21016,-29.8899,-3.10507,0,-9.58982,10.7862,2.6588e-15,-1.84109,11.9742,-1.64489,4.34909,15.6934,6.39805e-16,-0.109472,2.88143,0.405075,5.57432,20.1821,4.44089e-15,11.0802,12.4233,-3.55271e-15,9.06565,16.9561,2.29449e-15,-26.1193,10.3335,-7.54256,-7.06185,10.9433,7.53961,-7.06185,10.9433,4.30558e-15,-30.1965,19.3906,5.99194,1.19287,8.75953,1.18455,3.26856,2.03631,-5.64075,0.784706,7.92971,-1.53573,3.67672,2.86614,-9.85973e-15,19.3796,8.91887,12.7619,-28.9118,24.9488,-0.259215,-29.6315,-6.19943,-0.193056,-22.0921,-4.62209,1.19301,-11.4217,6.70786,-13.1762,-25.4055,24.5766,0.22175,-29.6317,-6.1995,0.165114,-22.0923,-4.62215,-1.19785,-11.4195,6.68336,-6.35482e-15,-10.9498,30.9599,-5.71502e-15,-26.1943,0.182669,-2.30762e-15,9.52482,5.81466,3.51181e-16,-25.7491,0.168829,
0,0,0,-1.25,94.8451,-0.912725,-1.02141e-14,3.03211,-35.9812,-3.9968e-15,-3.27677,-6.18424,-2.66454e-15,-14.5542,-4.85139,-2.66454e-15,-27.1498,1.01715,-3.94953e-15,-14.6564,-10.3204,12.8499,-10.3,-8.42424,-2.22495,-30.2311,-2.46804,-0.0651647,-10.0365,-13.8594,-2.29354,-29.8826,-3.11491,-1.77636e-15,-10.5078,12.194,-14.0038,-11.015,-15.8794,2.14833,-30.2375,-2.45695,-0.0139763,-10.026,-13.8672,2.21016,-29.8899,-3.10507,0,-9.58982,10.7862,2.6588e-15,-1.84109,11.9742,-1.40395,4.32762,15.7009,6.39805e-16,-0.109472,2.88143,0.229177,5.74317,20.1446,4.88498e-15,11.0802,12.4233,-5.32907e-15,9.06565,16.9561,2.29449e-15,-26.1193,10.3335,-7.54256,-7.06185,10.9433,7.53961,-7.06185,10.9433,4.30558e-15,-30.1965,19.3906,5.99194,1.19287,8.75953,1.18455,3.26856,2.03631,-5.64075,0.784706,7.92971,-1.53573,3.67672,2.86614,-9.90012e-15,19.4216,8.91651,12.5191,-28.5274,25.805,-0.259215,-29.6315,-6.19943,-0.193056,-22.0921,-4.62209,1.19301,-11.4217,6.70786,-13.3753,-24.7388,24.9059,0.22175,-29.6317,-6.1995,0.165114,-22.0923,-4.62215,-1.19785,-11.4195,6.68336,-6.35482e-15,-10.9498,30.9599,-5.71502e-15,-26.1943,0.182669,-2.30762e-15,9.52482,5.81466,3.51181e-16,-25.7491,0.168829,
0,0,0,-1.31252,94.8838,-1.0587,-1.15463e-14,3.03211,-35.9812,-2.66454e-15,-3.27677,-6.18424,-7.10543e-15,-14.5542,-4.85139,-5.32907e-15,-27.1498,1.01715,-3.94953e-15,-14.6564,-10.3204,12.9083,-9.89557,-8.99643,-2.22495,-30.2311,-2.46804,-0.0651647,-10.0365,-13.8594,-2.29354,-29.8826,-3.11491,-1.77636e-15,-10.5078,12.194,-13.9324,-11.4538,-15.9371,2.14833,-30.2375,-2.45695,-0.0139763,-10.026,-13.8672,2.21016,-29.8899,-3.10507,0,-9.58982,10.7862,2.6588e-15,-1.84109,11.9742,-1.13041,4.30453,15.7066,6.39805e-16,-0.109472,2.88143,0.0528519,5.93245,20.0985,5.32907e-15,11.0802,12.4233,-7.10543e-15,9.06565,16.9561,2.29449e-15,-26.1193,10.3335,-7.54256,-7.06185,10.9433,7.53961,-7.06185,10.9433,4.30558e-15,-30.1965,19.3906,5.99194,1.19287,8.75953,1.18455,3.26856,2.03631,-5.64075,0.784706,7.92971,-1.53573,3.67672,2.86614,-9.9421e-15,19.4648,8.91402,12.2754,-28.1389,26.6383,-0.259215,-29.6315,-6.19943,-0.193056,-22.0921,-4.62209,1.19301,-11.4217,6.70786,-13.5698,-24.0593,25.2462,0.22175,-29.6317,-6.1995,0.165114,-22.0923,-4.62215,-1.19785,-11.4195,6.68336,-6.35482e-15,-10.9498,30.9599,-5.71502e-15,-26.1943,0.182669,-2.30762e-15,9.52482,5.81466,3.51181e-16,-25.7491,0.168829,
0,0,0,-1.35314,94.8838,-1.20652,-3.55271e-15,3.03211,-35.9812,-4.44089e-16,-3.27677,-6.18424,-1.9984e-15,-14.5542,-4.85139,2.22045e-15,-27.1498,1.01715,-3.94953e-15,-14.6564,-10.3204,12.9689,-9.47572,-9.59044,-2.22495,-30.2311,-2.46804,-0.0651647,-10.0365,-13.8594,-2.29354,-29.8826,-3.11491,-1.77636e-15,-10.5078,12.194,-13.8724,-11.8376,-15.9864,2.14833,-30.2375,-2.45695,-0.0139763,-10.026,-13.8672,2.21016,-29.8899,-3.10507,0,-9.58982,10.7862,2.6588e-15,-1.84109,11.9742,-0.836476,4.28228,15.7081,6.39805e-16,-0.109472,2.88143,-0.118312,6.13621,20.0437,1.77636e-15,11.0802,12.4233,-3.55271e-15,9.06565,16.9561,2.29449e-15,-26.1193,10.3335,-7.54256,-7.06185,10.9433,7.53961,-7.06185,10.9433,4.30558e-15,-30.1965,19.3906,5.99194,1.19287,8.75953,1.18455,3.26856,2.03631,-5.64075,0.784706,7.92971,-1.53573,3.67672,2.86614,-9.98526e-15,19.5089,8.9114,12.0405,-27.7593,27.4178,-0.259215,-29.6315,-6.19943,-0.193056,-22.0921,-4.62209,1.19301,-11.4217,6.70786,-13.758,-23.3976,25.5826,0.22175,-29.6317,-6.1995,0.165114,-22.0923,-4.62215,-1.19785,-11.4195,6.68336,-6.35482e-15,-10.9498,30.9599,-5.71502e-15,-26.1943,0.182669,-2.30762e-15,9.52482,5.81466,3.51181e-16,-25.7491,0.168829,
0,0,0,-1.36836,94.8835,-1.35555,4.44089e-15,3.03211,-35.9812,1.77636e-15,-3.27677,-6.18424,3.10862e-15,-14.5542,-4.85139,9.76996e-15,-27.1498,1.01715,-3.94953e-15,-14.6564,-10.3204,13.0323,-9.03615,-10.2124,-2.22495,-30.2311,-2.46804,-0.0651647,-10.0365,-13.8594,-2.29354,-29.8826,-3.11491,-1.77636e-15,-10.5078,12.194,-13.7902,-12.2383,-16.0463,2.14833,-30.2375,-2.45695,-0.0139763,-10.026,-13.8672,2.21016,-29.8899,-3.10507,0,-9.58982,10.7862,2.6588e-15,-1.84109,11.9742,-0.51796,4.25848,15.7083,6.39805e-16,-0.109472,2.88143,-0.287266,6.35609,19.9804,-1.77636e-15,11.0802,12.4233,0,9.06565,16.9561,2.29449e-15,-26.1193,10.3335,-7.54256,-7.06185,10.9433,7.53961,-7.06185,10.9433,4.30558e-15,-30.1965,19.3906,5.99194,1.19287,8.75953,1.18455,3.26856,2.03631,-5.64075,0.784706,7.92971,-1.53573,3.67672,2.86614,-1.00292e-14,19.5539,8.90868,11.8097,-27.3886,28.1598,-0.259215,-29.6315,-6.19943,-0.193056,-22.0921,-4.62209,1.19301,-11.4217,6.70786,-13.9386,-22.7265,25.9243,0.22175,-29.6317,-6.1995,0.165114,-22.0923,-4.62215,-1.19785,-11.4195,6.68336,-6.35482e-15,-10.9498,30.9599,-5.71502e-15,-26.1943,0.182669,-2.30762e-15,9.52482,5.81466,3.51181e-16,-25.7491,0.168829,
0,0,0,-1.36702,94.8649,-1.50299,3.55271e-15,3.03211,-35.9812,1.33227e-15,-3.27677,-6.18424,3.9968e-15,-14.5542,-4.85139,8.43769e-15,-27.1498,1.01715,-3.94953e-15,-14.6564,-10.3204,13.0992,-8.57282,-10.8679,-2.22495,-30.2311,-2.46804,-0.0651647,-10.0365,-13.8594,-2.29354,-29.8826,-3.11491,-1.77636e-15,-10.5078,12.194,-13.6429,-12.7357,-16.1404,2.14833,-30.2375,-2.45695,-0.0139763,-10.026,-13.8672,2.21016,-29.8899,-3.10507,0,-9.58982,10.7862,2.6588e-15,-1.84109,11.9742,-0.170487,4.23113,15.7055,6.39805e-16,-0.109472,2.88143,-0.457546,6.59442,19.9078,4.44089e-16,11.0802,12.4233,0,9.06565,16.9561,2.29449e-15,-26.1193,10.3335,-7.54256,-7.06185,10.9433,7.53961,-7.06185,10.9433,4.30558e-15,-30.1965,19.3906,5.99194,1.19287,8.75953,1.18455,3.26856,2.03631,-5.64075,0.784706,7.92971,-1.53573,3.67672,2.86614,-1.00735e-14,19.5997,8.90586,11.5789,-27.0137,28.8827,-0.259215,-29.6315,-6.19943,-0.193056,-22.0921,-4.62209,1.19301,-11.4217,6.70786,-14.1096,-22.0179,26.2804,0.22175,-29.6317,-6.1995,0.165114,-22.0923,-4.62215,-1.19785,-11.4195,6.68336,-6.35482e-15,-10.9498,30.9599,-5.71502e-15,-26.1943,0.182669,-2.30762e-15,9.52482,5.81466,3.51181e-16,-25.7491,0.168829,
0,0,0,-1.35764,94.8223,-1.63905,2.66454e-15,3.03211,-35.9812,8.88178e-16,-3.27677,-6.18424,4.88498e-15,-14.5542,-4.85139,7.10543e-15,-27.1498,1.01715,-3.94953e-15,-14.6564,-10.3204,13.1675,-8.09966,-11.5373,-2.22495,-30.2311,-2.46804,-0.0651647,-10.0365,-13.8594,-2.29354,-29.8826,-3.11491,-1.77636e-15,-10.5078,12.194,-13.4733,-13.2637,-16.2461,2.14833,-30.2375,-2.45695,-0.0139763,-10.026,-13.8672,2.21016,-29.8899,-3.10507,0,-9.58982,10.7862,2.6588e-15,-1.84109,11.9742,0.193137,4.20151,15.6982,6.39805e-16,-0.109472,2.88143,-0.6218,6.84326,19.8279,2.66454e-15,11.0802,12.4233,0,9.06565,16.9561,2.29449e-15,-26.1193,10.3335,-7.54256,-7.06185,10.9433,7.53961,-7.06185,10.9433,4.30558e-15,-30.1965,19.3906,5.99194,1.19287,8.75953,1.18455,3.26856,2.03631,-5.64075,0.784706,7.92971,-1.53573,3.67672,2.86614,-1.01179e-14,19.6461,8.90297,11.3568,-26.6868,29.5492,-0.259215,-29.6315,-6.19943,-0.193056,-22.0921,-4.62209,1.19301,-11.4217,6.70786,-14.271,-21.3057,26.6362,0.22175,-29.6317,-6.1995,0.165114,-22.0923,-4.62215,-1.19785,-11.4195,6.68336,-6.35482e-15,-10.9498,30.9599,-5.71502e-15,-26.1943,0.182669,-2.30762e-15,9.52482,5.81466,3.51181e-16,-25.7491,0.168829,
0,0,0,-1.3226,94.764,-1.75476,-2.22045e-15,3.03211,-35.9812,-4.44089e-16,-3.27677,-6.18424,1.8735e-15,-14.5542,-4.85139,5.63438e-15,-27.1498,1.01715,-3.94953e-15,-14.6564,-10.3204,13.2359,-7.6258,-12.2077,-2.22495,-30.2311,-2.46804,-0.0651647,-10.0365,-13.8594,-2.29354,-29.8826,-3.11491,-1.77636e-15,-10.5078,12.194,-13.3006,-13.828,-16.3548,2.14833,-30.2375,-2.45695,-0.0139763,-10.026,-13.8672,2.21016,-29.8899,-3.10507,0,-9.58982,10.7862,2.6588e-15,-1.84109,11.9742,0.564282,4.16991,15.6871,6.39805e-16,-0.109472,2.88143,-0.776117,7.09686,19.7418,2.33147e-15,11.0802,12.4233,0,9.06565,16.9561,2.29449e-15,-26.1193,10.3335,-7.54256,-7.06185,10.9433,7.53961,-7.06185,10.9433,4.30558e-15,-30.1965,19.3906,5.99194,1.19287,8.75953,1.18455,3.26856,2.03631,-5.64075,0.784706,7.92971,-1.53573,3.67672,2.86614,-1.01618e-14,19.6929,8.90002,11.1466,-26.4368,30.1279,-0.259215,-29.6315,-6.19943,-0.193056,-22.0921,-4.62209,1.19301,-11.4217,6.70786,-14.4238,-20.6175,26.9804,0.22175,-29.6317,-6.1995,0.165114,-22.0923,-4.62215,-1.19785,-11.4195,6.68336,-6.35482e-15,-10.9498,30.9599,-5.71502e-15,-26.1943,0.182669,-2.30762e-15,9.52482,5.81466,3.51181e-16,-25.7491,0.168829,
0,0,0,-1.26314,94.6895,-1.84487,-7.10543e-15,3.03211,-35.9812,-1.77636e-15,-3.27677,-6.18424,-1.13798e-15,-14.5542,-4.85139,4.16334e-15,-27.1498,1.01715,-3.94953e-15,-14.6564,-10.3204,13.3029,-7.16159,-12.8645,-2.22495,-30.2311,-2.46804,-0.0651647,-10.0365,-13.8594,-2.29354,-29.8826,-3.11491,-1.77636e-15,-10.5078,12.194,-13.1528,-14.294,-16.4478,2.14833,-30.2375,-2.45695,-0.0139763,-10.026,-13.8672,2.21016,-29.8899,-3.10507,0,-9.58982,10.7862,2.6588e-15,-1.84109,11.9742,0.934802,4.13738,15.6721,6.39805e-16,-0.109472,2.88143,-0.913703,7.35112,19.6518,1.9984e-15,11.0802,12.4233,0,9.06565,16.9561,2.29449e-15,-26.1193,10.3335,-7.54256,-7.06185,10.9433,7.53961,-7.06185,10.9433,4.30558e-15,-30.1965,19.3906,5.99194,1.19287,8.75953,1.18455,3.26856,2.03631,-5.64075,0.784706,7.92971,-1.53573,3.67672,2.86614,-1.0205e-14,19.7402,8.89703,10.9607,-26.3203,30.6183,-0.259215,-29.6315,-6.19943,-0.193056,-22.0921,-4.62209,1.19301,-11.4217,6.70786,-14.562,-19.9442,27.3127,0.22175,-29.6317,-6.1995,0.165114,-22.0923,-4.62215,-1.19785,-11.4195,6.68336,-6.35482e-15,-10.9498,30.9599,-5.71502e-15,-26.1943,0.182669,-2.30762e-15,9.52482,5.81466,3.51181e-16,-25.7491,0.168829,
0,0,0,-1.18974,94.6019,-1.90202,-7.99361e-15,3.03211,-35.9812,-1.33053e-15,-3.27677,-6.18424,1.09635e-15,-14.5542,-4.85139,6.52256e-15,-27.1498,1.01715,-3.94953e-15,-14.6564,-10.3204,13.3663,-6.72211,-13.4863,-2.22495,-30.2311,-2.46804,-0.0651647,-10.0365,-13.8594,-2.29354,-29.8826,-3.11491,-1.77636e-15,-10.5078,12.194,-13.0672,-14.4931,-16.5021,2.14833,-30.2375,-2.45695,-0.0139763,-10.026,-13.8672,2.21016,-29.8899,-3.10507,0,-9.58982,10.7862,2.6588e-15,-1.84109,11.9742,1.29222,4.10533,15.6533,6.39805e-16,-0.109472,2.88143,-1.02603,7.59867,19.5608,-1.60982e-15,11.0802,12.4233,-4.21885e-15,9.06565,16.9561,2.29449e-15,-26.1193,10.3335,-7.54256,-7.06185,10.9433,7.53961,-7.06185,10.9433,4.30558e-15,-30.1965,19.3906,5.99194,1.19287,8.75953,1.18455,3.26856,2.03631,-5.64075,0.784706,7.92971,-1.53573,3.67672,2.86614,-1.0247e-14,19.7877,8.894,10.8115,-26.333,31.0012,-0.259215,-29.6315,-6.19943,-0.193056,-22.0921,-4.62209,1.19301,-11.4217,6.70786,-14.6846,-19.29,27.6232,0.22175,-29.6317,-6.1995,0.165114,-22.0923,-4.62215,-1.19785,-11.4195,6.68336,-6.35482e-15,-10.9498,30.9599,-5.71502e-15,-26.1943,0.182669,-2.30762e-15,9.52482,5.81466,3.51181e-16,-25.7491,0.168829,
0,0,0,-1.09801,94.4985,-1.92361,-8.88178e-15,3.03211,-35.9812,-8.84709e-16,-3.27677,-6.18424,3.33067e-15,-14.5542,-4.85139,8.88178e-15,-27.1498,1.01715,-3.94953e-15,-14.6564,-10.3204,13.4269,-6.30217,-14.0804,-2.22495,-30.2311,-2.46804,-0.0651647,-10.0365,-13.8594,-2.29354,-29.8826,-3.11491,-1.77636e-15,-10.5078,12.194,-13.0361,-14.5335,-16.5218,2.14833,-30.2375,-2.45695,-0.0139763,-10.026,-13.8672,2.21016,-29.8899,-3.10507,0,-9.58982,10.7862,2.6588e-15,-1.84109,11.9742,1.6409,4.073,15.6308,6.39805e-16,-0.109472,2.88143,-1.11439,7.84362,19.468,-5.21805e-15,11.0802,12.4233,-8.43769e-15,9.06565,16.9561,2.29449e-15,-26.1193,10.3335,-7.54256,-7.06185,10.9433,7.53961,-7.06185,10.9433,4.30558e-15,-30.1965,19.3906,5.99194,1.19287,8.75953,1.18455,3.26856,2.03631,-5.64075,0.784706,7.92971,-1.53573,3.67672,2.86614,-1.02874e-14,19.8353,8.89096,10.7021,-26.4092,31.3002,-0.259215,-29.6315,-6.19943,-0.193056,-22.0921,-4.62209,1.19301,-11.4217,6.70786,-14.7784,-18.642,27.9304,0.22175,-29.6317,-6.1995,0.165114,-22.0923,-4.62215,-1.19785,-11.4195,6.68336,-6.35482e-15,-10.9498,30.9599,-5.71502e-15,-26.1943,0.182669,-2.30762e-15,9.52482,5.81466,3.51181e-16,-25.7491,0.168829,
0,0,0,-0.98636,94.3778,-1.91122,-7.54952e-15,3.03211,-35.9812,2.23779e-16,-3.27677,-6.18424,-7.77156e-16,-14.5542,-4.85139,3.10862e-15,-27.1498,1.01715,-3.94953e-15,-14.6564,-10.3204,13.4854,-5.89653,-14.6543,-2.22495,-30.2311,-2.46804,-0.0651647,-10.0365,-13.8594,-2.29354,-29.8826,-3.11491,-1.77636e-15,-10.5078,12.194,-13.1032,-14.2817,-16.4849,2.14833,-30.2375,-2.45695,-0.0139763,-10.026,-13.8672,2.21016,-29.8899,-3.10507,0,-9.58982,10.7862,2.6588e-15,-1.84109,11.9742,1.98496,4.0397,15.6044,6.39805e-16,-0.109472,2.88143,-1.18207,8.0899,19.3726,-5.88418e-15,11.0802,12.4233,-9.67282e-15,9.06565,16.9561,2.29449e-15,-26.1193,10.3335,-7.54256,-7.06185,10.9433,7.53961,-7.06185,10.9433,4.30558e-15,-30.1965,19.3906,5.99194,1.19287,8.75953,1.18455,3.26856,2.03631,-5.64075,0.784706,7.92971,-1.53573,3.67672,2.86614,-1.03258e-14,19.8829,8.88792,10.6425,-26.5845,31.5336,-0.259215,-29.6315,-6.19943,-0.193056,-22.0921,-4.62209,1.19301,-11.4217,6.70786,-14.8255,-17.9794,28.2603,0.22175,-29.6317,-6.1995,0.165114,-22.0923,-4.62215,-1.19785,-11.4195,6.68336,-6.35482e-15,-10.9498,30.9599,-5.71502e-15,-26.1943,0.182669,-2.30762e-15,9.52482,5.81466,3.51181e-16,-25.7491,0.168829,
0,0,0,-0.856974,94.2402,-1.87202,-6.21725e-15,3.03211,-35.9812,1.33227e-15,-3.27677,-6.18424,-4.88498e-15,-14.5542,-4.85139,-2.66454e-15,-27.1498,1.01715,-3.94953e-15,-14.6564,-10.3204,13.5397,-5.52032,-15.1866,-2.22495,-30.2311,-2.46804,-0.0651647,-10.0365,-13.8594,-2.29354,-29.8826,-3.11491,-1.77636e-15,-10.5078,12.194,-13.2417,-13.7753,-16.4077,2.14833,-30.2375,-2.45695,-0.0139763,-10.026,-13.8672,2.21016,-29.8899,-3.10507,0,-9.58982,10.7862,2.6588e-15,-1.84109,11.9742,2.31266,4.00666,15.5756,6.39805e-16,-0.109472,2.88143,-1.21459,8.33055,19.2773,-6.55032e-15,11.0802,12.4233,-1.09079e-14,9.06565,16.9561,2.29449e-15,-26.1193,10.3335,-7.54256,-7.06185,10.9433,7.53961,-7.06185,10.9433,4.30558e-15,-30.1965,19.3906,5.99194,1.19287,8.75953,1.18455,3.26856,2.03631,-5.64075,0.784706,7.92971,-1.53573,3.67672,2.86614,-1.03618e-14,19.9304,8.88489,10.6248,-26.8281,31.6986,-0.259215,-29.6315,-6.19943,-0.193056,-22.0921,-4.62209,1.19301,-11.4217,6.70786,-14.8382,-17.3305,28.5796,0.22175,-29.6317,-6.1995,0.165114,-22.0923,-4.62215,-1.19785,-11.4195,6.68336,-6.35482e-15,-10.9498,30.9599,-5.71502e-15,-26.1943,0.182669,-2.30762e-15,9.52482,5.81466,3.51181e-16,-25.7491,0.168829,
0,0,0,-0.71081,94.085,-1.80144,-1.33227e-15,3.03211,-35.9812,1.9984e-15,-3.27677,-6.18424,-2.22045e-15,-14.5542,-4.85139,3.10862e-15,-27.1498,1.01715,-3.94953e-15,-14.6564,-10.3204,13.5882,-5.18443,-15.6618,-2.22495,-30.2311,-2.46804,-0.0651647,-10.0365,-13.8594,-2.29354,-29.8826,-3.11491,-1.77636e-15,-10.5078,12.194,-13.4124,-13.1769,-16.3114,2.14833,-30.2375,-2.45695,-0.0139763,-10.026,-13.8672,2.21016,-29.8899,-3.10507,0,-9.58982,10.7862,2.6588e-15,-1.84109,11.9742,2.61538,3.97465,15.5454,6.39805e-16,-0.109472,2.88143,-1.21743,8.56108,19.1843,-5.93969e-15,11.0802,12.4233,-1.16712e-14,9.06565,16.9561,2.29449e-15,-26.1193,10.3335,-7.54256,-7.06185,10.9433,7.53961,-7.06185,10.9433,4.30558e-15,-30.1965,19.3906,5.99194,1.19287,8.75953,1.18455,3.26856,2.03631,-5.64075,0.784706,7.92971,-1.53573,3.67672,2.86614,-1.03951e-14,19.9776,8.88189,10.6547,-27.1286,31.7993,-0.259215,-29.6315,-6.19943,-0.193056,-22.0921,-4.62209,1.19301,-11.4217,6.70786,-14.8287,-16.7115,28.8631,0.22175,-29.6317,-6.1995,0.165114,-22.0923,-4.62215,-1.19785,-11.4195,6.68336,-6.35482e-15,-10.9498,30.9599,-5.71502e-15,-26.1943,0.182669,-2.30762e-15,9.52482,5.81466,3.51181e-16,-25.7491,0.168829,
0,0,0,-0.549964,93.9142,-1.70914,3.55271e-15,3.03211,-35.9812,2.66454e-15,-3.27677,-6.18424,4.44089e-16,-14.5542,-4.85139,8.88178e-15,-27.1498,1.01715,-3.94953e-15,-14.6564,-10.3204,13.6298,-4.89629,-16.0695,-2.22495,-30.2311,-2.46804,-0.0651647,-10.0365,-13.8594,-2.29354,-29.8826,-3.11491,-1.77636e-15,-10.5078,12.194,-13.608,-12.4964,-16.2003,2.14833,-30.2375,-2.45695,-0.0139763,-10.026,-13.8672,2.21016,-29.8899,-3.10507,0,-9.58982,10.7862,2.6588e-15,-1.84109,11.9742,2.88784,3.94441,15.5153,6.39805e-16,-0.109472,2.88143,-1.21784,8.77803,19.0954,-5.32907e-15,11.0802,12.4233,-1.24345e-14,9.06565,16.9561,2.29449e-15,-26.1193,10.3335,-7.54256,-7.06185,10.9433,7.53961,-7.06185,10.9433,4.30558e-15,-30.1965,19.3906,5.99194,1.19287,8.75953,1.18455,3.26856,2.03631,-5.64075,0.784706,7.92971,-1.53573,3.67672,2.86614,-1.04253e-14,20.0245,8.87894,10.7297,-27.4637,31.8333,-0.259215,-29.6315,-6.19943,-0.193056,-22.0921,-4.62209,1.19301,-11.4217,6.70786,-14.7937,-16.1387,29.1124,0.22175,-29.6317,-6.1995,0.165114,-22.0923,-4.62215,-1.19785,-11.4195,6.68336,-6.35482e-15,-10.9498,30.9599,-5.71502e-15,-26.1943,0.182669,-2.30762e-15,9.52482,5.81466,3.51181e-16,-25.7491,0.168829,
0,0,0,-0.348305,93.6899,-1.59034,1.57898e-15,3.03211,-35.9812,2.66454e-15,-3.27677,-6.18424,4.76985e-16,-14.5542,-4.85139,8.81599e-15,-27.1498,1.01715,-3.94953e-15,-14.6564,-10.3204,13.6598,-4.6883,-16.3638,-2.22495,-30.2311,-2.46804,-0.0651647,-10.0365,-13.8594,-2.29354,-29.8826,-3.11491,-1.77636e-15,-10.5078,12.194,-13.8131,-11.7671,-16.0814,2.14833,-30.2375,-2.45695,-0.0139763,-10.026,-13.8672,2.21016,-29.8899,-3.10507,0,-9.58982,10.7862,2.6588e-15,-1.84109,11.9742,3.12152,3.91541,15.4878,6.39805e-16,-0.109472,2.88143,-1.18509,8.98746,19.0084,-5.52644e-15,11.0802,12.4233,-1.25003e-14,9.06565,16.9561,2.29449e-15,-26.1193,10.3335,-7.54256,-7.06185,10.9433,7.53961,-7.06185,10.9433,4.30558e-15,-30.1965,19.3906,5.99194,1.19287,8.75953,1.18455,3.26856,2.03631,-5.64075,0.784706,7.92971,-1.53573,3.67672,2.86614,-1.04518e-14,20.0708,8.87605,10.8755,-27.8318,31.7625,-0.259215,-29.6315,-6.19943,-0.193056,-22.0921,-4.62209,1.19301,-11.4217,6.70786,-14.6986,-15.6353,29.3253,0.22175,-29.6317,-6.1995,0.165114,-22.0923,-4.62215,-1.19785,-11.4195,6.68336,-6.35482e-15,-10.9498,30.9599,-5.71502e-15,-26.1943,0.182669,-2.30762e-15,9.52482,5.81466,3.51181e-16,-25.7491,0.168829,
0,0,0,-0.100654,93.4025,-1.44292,-3.35534e-15,3.03211,-35.9812,2.66454e-15,-3.27677,-6.18424,5.59223e-16,-14.5542,-4.85139,8.65152e-15,-27.1498,1.01715,-3.94953e-15,-14.6564,-10.3204,13.6779,-4.56298,-16.5411,-2.22495,-30.2311,-2.46804,-0.0651647,-10.0365,-13.8594,-2.29354,-29.8826,-3.11491,-1.77636e-15,-10.5078,12.194,-14.0288,-10.9823,-15.9537,2.14833,-30.2375,-2.45695,-0.0139763,-10.026,-13.8672,2.21016,-29.8899,-3.10507,0,-9.58982,10.7862,2.6588e-15,-1.84109,11.9742,3.31848,3.88701,15.4629,6.39805e-16,-0.109472,2.88143,-1.10323,9.19278,18.922,-6.01988e-15,11.0802,12.4233,-1.26648e-14,9.06565,16.9561,2.29449e-15,-26.1193,10.3335,-7.54256,-7.06185,10.9433,7.53961,-7.06185,10.9433,4.30558e-15,-30.1965,19.3906,5.99194,1.19287,8.75953,1.18455,3.26856,2.03631,-5.64075,0.784706,7.92971,-1.53573,3.67672,2.86614,-1.04745e-14,20.1166,8.87324,11.1009,-28.2386,31.5855,-0.259215,-29.6315,-6.19943,-0.193056,-22.0921,-4.62209,1.19301,-11.4217,6.70786,-14.5397,-15.1989,29.5073,0.22175,-29.6317,-6.1995,0.165114,-22.0923,-4.62215,-1.19785,-11.4195,6.68336,-6.35482e-15,-10.9498,30.9599,-5.71502e-15,-26.1943,0.182669,-2.30762e-15,9.52482,5.81466,3.51181e-16,-25.7491,0.168829,
0,0,0,0.156128,93.0981,-1.28928,-9.76996e-15,3.03211,-35.9812,2.66454e-15,-3.27677,-6.18424,6.66134e-16,-14.5542,-4.85139,8.43769e-15,-27.1498,1.01715,-3.94953e-15,-14.6564,-10.3204,13.6869,-4.50033,-16.6297,-2.22495,-30.2311,-2.46804,-0.0651647,-10.0365,-13.8594,-2.29354,-29.8826,-3.11491,-1.77636e-15,-10.5078,12.194,-14.2337,-10.2258,-15.8307,2.14833,-30.2375,-2.45695,-0.0139763,-10.026,-13.8672,2.21016,-29.8899,-3.10507,0,-9.58982,10.7862,2.6588e-15,-1.84109,11.9742,3.47615,3.8613,15.4418,6.39805e-16,-0.109472,2.88143,-0.996809,9.37885,18.8428,-6.66134e-15,11.0802,12.4233,-1.28786e-14,9.06565,16.9561,2.29449e-15,-26.1193,10.3335,-7.54256,-7.06185,10.9433,7.53961,-7.06185,10.9433,4.30558e-15,-30.1965,19.3906,5.99194,1.19287,8.75953,1.18455,3.26856,2.03631,-5.64075,0.784706,7.92971,-1.53573,3.67672,2.86614,-1.04928e-14,20.1616,8.87052,11.3585,-28.637,31.3553,-0.259215,-29.6315,-6.19943,-0.193056,-22.0921,-4.62209,1.19301,-11.4217,6.70786,-14.3533,-14.8405,29.6548,0.22175,-29.6317,-6.1995,0.165114,-22.0923,-4.62215,-1.19785,-11.4195,6.68336,-6.35482e-15,-10.9498,30.9599,-5.71502e-15,-26.1943,0.182669,-2.30762e-15,9.52482,5.81466,3.51181e-16,-25.7491,0.168829,
0,0,0,0.38518,92.8234,-1.15181,-1.61846e-14,3.03211,-35.9812,2.66454e-15,-3.27677,-6.18424,7.73044e-16,-14.5542,-4.85139,8.22387e-15,-27.1498,1.01715,-3.94953e-15,-14.6564,-10.3204,13.6898,-4.48034,-16.658,-2.22495,-30.2311,-2.46804,-0.0651647,-10.0365,-13.8594,-2.29354,-29.8826,-3.11491,-1.77636e-15,-10.5078,12.194,-14.4065,-9.5815,-15.7261,2.14833,-30.2375,-2.45695,-0.0139763,-10.026,-13.8672,2.21016,-29.8899,-3.10507,0,-9.58982,10.7862,2.6588e-15,-1.84109,11.9742,3.59195,3.84036,15.4254,6.39805e-16,-0.109472,2.88143,-0.890388,9.53051,18.7778,-7.3028e-15,11.0802,12.4233,-1.30924e-14,9.06565,16.9561,2.29449e-15,-26.1193,10.3335,-7.54256,-7.06185,10.9433,7.53961,-7.06185,10.9433,4.30558e-15,-30.1965,19.3906,5.99194,1.19287,8.75953,1.18455,3.26856,2.03631,-5.64075,0.784706,7.92971,-1.53573,3.67672,2.86614,-1.05063e-14,20.2058,8.8679,11.601,-28.9799,31.1252,-0.259215,-29.6315,-6.19943,-0.193056,-22.0921,-4.62209,1.19301,-11.4217,6.70786,-14.1753,-14.571,29.7645,0.22175,-29.6317,-6.1995,0.165114,-22.0923,-4.62215,-1.19785,-11.4195,6.68336,-6.35482e-15,-10.9498,30.9599,-5.71502e-15,-26.1943,0.182669,-2.30762e-15,9.52482,5.81466,3.51181e-16,-25.7491,0.168829,
0,0,0,0.549642,92.6245,-1.05291,-2.11189e-14,3.03211,-35.9812,2.66454e-15,-3.27677,-6.18424,8.55283e-16,-14.5542,-4.85139,8.0594e-15,-27.1498,1.01715,-3.94953e-15,-14.6564,-10.3204,13.6894,-4.48302,-16.6542,-2.22495,-30.2311,-2.46804,-0.0651647,-10.0365,-13.8594,-2.29354,-29.8826,-3.11491,-1.77636e-15,-10.5078,12.194,-14.5258,-9.13338,-15.6534,2.14833,-30.2375,-2.45695,-0.0139763,-10.026,-13.8672,2.21016,-29.8899,-3.10507,0,-9.58982,10.7862,2.6588e-15,-1.84109,11.9742,3.66333,3.82626,15.4148,6.39805e-16,-0.109472,2.88143,-0.808527,9.63262,18.7338,-7.79623e-15,11.0802,12.4233,-1.32569e-14,9.06565,16.9561,2.29449e-15,-26.1193,10.3335,-7.54256,-7.06185,10.9433,7.53961,-7.06185,10.9433,4.30558e-15,-30.1965,19.3906,5.99194,1.19287,8.75953,1.18455,3.26856,2.03631,-5.64075,0.784706,7.92971,-1.53573,3.67672,2.86614,-1.05147e-14,20.2489,8.86541,11.7812,-29.2202,30.9482,-0.259215,-29.6315,-6.19943,-0.193056,-22.0921,-4.62209,1.19301,-11.4217,6.70786,-14.0421,-14.4013,29.8328,0.22175,-29.6317,-6.1995,0.165114,-22.0923,-4.62215,-1.19785,-11.4195,6.68336,-6.35482e-15,-10.9498,30.9599,-5.71502e-15,-26.1943,0.182669,-2.30762e-15,9.52482,5.81466,3.51181e-16,-25.7491,0.168829,
